/*
 Navicat Premium Data Transfer

 Source Server         : didur
 Source Server Type    : MySQL
 Source Server Version : 100322
 Source Host           : localhost:3306
 Source Schema         : ordinary_side

 Target Server Type    : MySQL
 Target Server Version : 100322
 File Encoding         : 65001

 Date: 13/06/2021 17:30:05
*/

SET NAMES utf8mb4;
SET FOREIGN_KEY_CHECKS = 0;

-- ----------------------------
-- Table structure for course
-- ----------------------------
DROP TABLE IF EXISTS `course`;
CREATE TABLE `course`  (
  `id_course` int(255) NOT NULL AUTO_INCREMENT,
  `title` varchar(255) CHARACTER SET utf8mb4 COLLATE utf8mb4_unicode_ci NOT NULL,
  `description` varchar(255) CHARACTER SET utf8mb4 COLLATE utf8mb4_unicode_ci NOT NULL,
  `picturee` varchar(255) CHARACTER SET utf8mb4 COLLATE utf8mb4_unicode_ci NULL DEFAULT NULL,
  `picture` blob NULL,
  PRIMARY KEY (`id_course`) USING BTREE
) ENGINE = InnoDB AUTO_INCREMENT = 11 CHARACTER SET = utf8mb4 COLLATE = utf8mb4_unicode_ci ROW_FORMAT = Dynamic;

-- ----------------------------
-- Records of course
-- ----------------------------
INSERT INTO `course` VALUES (1, 'Java', 'Курс посвящён языку программирования Java', NULL, 0x89504E470D0A1A0A0000000D49484452000000BE000000BE08060000008B74B59D0000000467414D410000B18F0BFC6105000000206348524D00007A26000080840000FA00000080E8000075300000EA6000003A98000017709CBA513C00000006624B474400FF00FF00FFA0BDA793000000097048597300000E2C00000E2C01F99BEE100000000774494D4507E5060C0D0E36162A41CD0000216A4944415478DAED9D7B9C9C6579F7BFCFEC66370742420E241C434024A11032936403A20808046D2DF5F38A6F6B3FA2567B78C5F6ADCDA2B656AD6F6BAB02162D6FADC77AAAA0284551C9060822286493EC2C0445241C1342C8F9B4BBC9EECEDCFDE3773F3BF73CFBCCCEECCE6C6667E6FE7E3EB3B33B87679E67E7F7DCCF755FD7755F17783C1E8FC7E3F1783C1E8FC7E3F1783C1E4F4D10547B073CC5E94CA6F44D19FDDD96EEAAF62ED53C896AEF80A7440C7380D9D5DE8D7AC10BBF769805FC09D0D2994C557B5F6A1E2FFCDA61277005702940E7522FFE72F0C2AF1D0E03FDC09F022D7E76561E5EF8B5826110D8055C062CAAF6EED43A5EF8B58246F85E34C17D0DC086A5CBAABD57358B177E6DD164EF97F5070613986AEF4FCDE2855F3B2480E3EDEF0B5A4C30B9DA3B54CB78E1D70E938193EDEF3380966AEF502DE3855F3BCC014EB7BF27F051F7B2F0C2AF1D160327D9DF7B81816AEF502DE3853FC171A2B4970353ECEF2F0347AABD6FB58C177E6D7012F046E7EFDF00D96AEF542DE3853F817146FB3703E7DADF8F021BC16769968317FEC4E72494A610FAF09F03D2D5DEA95AC70B7F826247FB00F833C00DD1DE6B0C2F557BFF6A1D2FFC098863E25C06BC8F9CEB721FF0BD20F0664EB978E14F30362493E1AF0B817F064E749EBE07D850ED7DAC07BCF027184683FB6CE0D3C04AE7A95DC01780A3C687AECAC60B7F02614D9CE9C03F01FF2BF2F437805F02ACECF2664EB978E14F101CD17F12782FF9DFCD06E0F340D6DBF695A1B9DA3BD0E86C4C25C9CA7699856CFAF790FFBDEC013E0E6CADF6BED6135EF855A4339922AB94FA53809B80B7913FD20F0037021DE03D3995C40BBF4A382ECBF3805B8037445E6280AF03B7E24D9C8AE3855F0524FA200073257033127F94BB818F023D2446F73569FB0608A6A274E6BDC0E1442260F9A64DD53EFC098117FE31C68EF4AD60DE8D6CF7F9312F5B07FC5FE095C06459B1A9B3D4ED8216AC9C0BC1EBD164791DB0A3DAC73DD1F0C23F466C48A6C20A8073818FA0548429312F7D10F80BE07930ACE8EE1E71BB56F04DC002E02AE00F507ECF9DC05721D806C6CF0F2278E11F033A73A23F1FF80C12689C2BF97EE0FF004F1B13B0B23B5EAC1B962E0B179A4F4541AEB7016F42578F7B5052DB4620DB96F6A64D1C5EF8E38C1D9113C0EFA268ECE2989719E047C8BC792100DABA3715DA1606331358055C07BC0E99344FA3BC9EDB811E0268F381AE82F8E0F73862853A058DE27F477CD1D701E09BF6F99D06C3CA743A6E3BA045E6BF87CCA495402BD0077C0FF817089EF2664D6978E18F031B93A97079D45C34817D2F12699443C0679167E7509C60739361AE4057844B9C6D3D8322BDB7037D5EF0A5E34D9D0AB33EB98CAC2CFA3391A87F9FF801662BF0F7C06DC04054B49DC9142DC765E83FCC22E006E05A64D20064809F007F4F106CC6F8517EB4F811BF82389E9B25C0BF03171778E926E00319631E6A0A02E2448FDC92FF1B7980CE769E3E087C0EF857609F310956766FACF6A1D71C5EF815A233B90CDBB26405F02560698197AE05FE0A780AF2D3101C5B7E3E0A5EBD9B7C97E78BC0DF229B7ED08FF263C70BBF0238824D015F032E88799901FE1BD9E9DB0CB0325EF48B510AC395E47F3F4F00EF6F6EE6C1C1419FB7532E5EF865D2994C62FF8DAF46DE9995055E7A27703DB023206085E35F77449F04BE88AE1A2E1B9127270D5EF495C0E7E3974D00CA87B989C2A2BF178DF43B30E4897E434EF4E72213292AFAC719127DE0455F21BC57A70C9C7481D5C8BF1EC713C007806D01B022128DB593E1F968B2BA3CF2DE6DE884B123BD8FC2560A3FE28F11C73CB902E5D6C4998DFB5060EA57002BE2BD37CD403B4A6370E9073E05FC0CBC795369BCF0CB631AF097C0CC02CF7F15F8290C176E676AE8C4B91475338CB20EF856DC7B3DE5E3855F1ECB5124358E275155844CAC7065E34C41F93527449E1D408BCB0F06F8AE27E38117FE1870CC9C30412C8EFF029E2DB2A924B67D6784ADC023002BD2BE5AE078E0853F7612C4675A82167EFC08E2CD9448A5B41362DEBF1DD85DED03AC67BCF0C74E33F1A205E84669C2C5DE5FA86D6106BC8D339E78E18F9D2CF2BCC4F118C51B374C45D515E238915CA337CF38E0853F7606A160D5E2AD50D41BD342FCD24350AFABF3F08C1B5EF863C0E45CF6DDC49B247D256C6690C27DACA6A1128209673EE0A9205EF86360652E82FA08F04ACC4BA695B099BE02EF0D790B367D61FD522FFE4AE3855F1E4F010FC43C7E3AE4796FE2380AFC7A84E7E7017F034C0D7C2A61C5F1C21F23466A0C034D87224F2FA1B0FDEEDAFE0F5378820C700DF076287A1279468917FE1859D93564EE3C88AA9EB92C01CE2A61338FA20E868568450B4F92E0C55F49BCF0CB40A56D3882D6D6BAD58CE703574351B1EE00BE5FE463CE043E41E19881670C78E1974198626C4C62134A2B76BD347F88ECF4581C73E7BF1879D407158BBA1EEFE5A9185EF865D296EE2208B2005F217FF45E8A2A23141BF59F4515910747784D13CA02BD1860C3055EFCE5E2855F011219039AE07E945C73B6265448AAA0ADEF8CFADF027E5CE4634EB4DB6B31FE5B2B1BFF2FAC00CB1F1FCAA07C06ADC67AC1FE7D2EAAA8D05C68D4B79ECA83A8F0D453453EEA32B4B6D753265EF815C219BD1F42E20FB32BDF09BC11E24D1E6755D6E3C883B367848F3911798C3C65E2855F411CF1DF89447C10D5BBFC1836A855E47D7701FF88825B71245009704F9978E157182B6203FC2712FC61B452EB43404B2193C779DF97D1895388013C65E3853F0E5811675019C17F007A817751CCCB2383BF177979F6C6BC620078BEDAC7570F78E18F1356FC03A83FEDC7ECC31FC5AEDA7A64E9F0626B4E3DFB3439EF90CB8B682EE029132FFC712422FEBF450B4F3E024C690A9A467A6B1F5ACC12E56E721E234F1978E18F338EF8FF3FF2F65CCE08264F22337442444D9D6790FD6F7CB991F2F1C23F063836FF57D024F7EDA859DB30B24D99F0D719CEC3BDA8EBF94869CC9E51E033BD8F2176840F803703D30293B8CD04D9B852E12D28FDE1CD2895E12614E0EA2F67B44FB6778006BBB9E8C43B05954719447187E751B25D1F40FAA655D5FE978D1B5EF825600513A01CFB19C02C7B1F20C13C07F4972214A719DC49C04E22DD50ECF34B800E24D05B51E794C36315BDDDFF2694EBF34776FBF351B1DBE9F6388EA2E0D963C01DA83CCA1EA8CF13C00B3FC2B2D56BC9240C81A10538193807D5BB3F1F8D922DA8EE4D1A588FEA62EE0032A50A647D68DBDBFFFE4AEBCD714E8A1B513DCE9B507BD09EB18A3EB57A4DB868E61CD403773B2A7DD287529D5368C1CB85F6D840578087808F0598870D41DD89DF0B9FA11111B4567631F07A7BBB008DCCBD48E81DA888EB93282A6B2A250867A2BB0A3574BB15A52C0F9465DEAC5E0389000C93D03C231BEEB373DC33D095E023C0A9CEDB5F04DE8F5D68534FE26F68E13B26C05968E1C8EFA3D54EB35014750BB2B57F086C462740C505E088FE2C34F15D1360369863540F3FD9DE81311004AC429EA3D39CA79F410DA4BBC6E3D8AB45C3093FD9FE53A4755A5115833F460B3D4E25E7E57A05B91FBF81267B151BD9E370CA852F047601FB0D5956A6BB47BDAD65EDF790D561248049684D6FD1FD7746FF3F45579B16E7E9EFA08ACE47EB45F80DD51822D9DEA153DDB00C55307813C34B7C1F418D1C6E836334C26909E32081CA0E9632CA273FB80632010434919B74CFCB2A196E01B2E11F412ED04CB1EDA56F5A158AFF0EE01DA8206EC82A3421DE506C3BB54243091F00C345C0B7D15AD63812483C73803DC9F68E711DED01DABA870B3DD9BE162000D38CAE4ED390B8E700F3C9722A01A721B3E4543417998DBAA87C1D359A1BCBD56A3FAACDEF0A7F36D0066C48B677D485B9D378C28733C89FC0456901FE1FB2B5D7039B93ED1DCF22F3673FD083AE0A03D8C9A2BD41AEAA5AE0DC279C5BB3BD4D42626E45A3F534E4563C1E5D814E00331B897C0E125EE8429D6EDFE3E63C18E47AFC3AF06F248267C89A510BD419F5B7D86DBAA6F019C7F66B1A5F1A51F83F04FE1A782F5A213539E6352DE8D21E2EFAE847A6C36124FC5EFBF751FBDC20B90AC7869CD09B90C8C35BABDD76AB736BB1B749E8FB28164D37F6B377A1F5BA9B51C3E8345AB43E90FECC55944936E6B1C4D0A7D7010D257C3BA2F5A24E2577A03CF98B912FFB2CB4C2E938244297509C334AFFB4B230E8A4EA4157999DC86C7916F9E0B72057E34E2AE8697226B80B18EEF8780960CAC129A3D9E484A5A1840F7902D99D6CEF58934834ADC966332DC89C38099941A7A1707E18DD9C89CC90A9E80AD14ACE6C0947F7807CB184A37F680A659079348044DD87447B08897B1F1AC57721B3EA15FBFB1EE000D04B960CCD90FECCB8DAD8ADC04591C70E63DD99BFFCF225A3DEE044A4E1DC99A5E2A4293493334F42D187BF4FB2CF35D95B78028482CF90AB8A1C0ABEDFDE1F75FE0EE70B559B383AA3FD85286035C779FA4114DD3D500F135B68C011BF54EC176CC889B6A7DAFB740C6805FE9C7CD11F4141AD03D5DEB94AE2855F22CE1500C639A055A56303D5E4BF36F2F41DC8355A176ECC102FFC2238690DE7A049DF43C8E6AD0B1CD1AF446E5CB7B6FF2F503A746FB5F7B3D278E117C0C95D4F21D7E76B800F539FA25F825234DCAA6F8FA2CA6DCF417D8DF6E0851F8B15C4745405EDFDC8BBF37334C9ABBA086C547788F44DA3F7DB3BA25F8EDCBB6107C62CEAC6BE1AF8ED4438DEF1C07B752238A6CD3F0237901B1CB6A144AD7540C60401DD37961D282ABA2F367C1AC610E621736B1172B97ED704C12381195D94D6B99ABD09E5FC9F639FDA874E827F05761B03DD37D79FE8C10B7F18561427A3163FD13A953B81FB90EDBB05F9D90F20F3A78F308A1B90C118D2375D5DEC732017DD0DF3716622AFCAC948DC0B51BAC06948F833C8654E3E8FECF2EF02BD8181AE11847AC107D792C81A504CE22FD0893D0779AD1E448B5E1E0006EB719477F1C28F60053915A524BFB5C0CB0C12792F72731E4227C0417B3B641F0FD31A06910911E6EBB4D8CF9886443803AD869A61FF3E0EC5094A290670045803FC076A2DD44300E91BF385EB78A596A23A3FBF678F6313F025E4B9D90F239FB0F582B7F1A3C8B6E845A3E111D47D30DAC5302017C8AA66A79230CE70362A4C6B531A720935CE95652EF01E5467FF78E05EB4C26B0D017B30F569CB17C28FF831A4567760F49F99025C8A96E55D82D218AA3958F4A37A3B2FA0B5BE6172DAD3F6F16C1040D78DAB5CC11F8F4E8AF7A00CCF7528512F0DF462205DA776FC4878E18FC0E9EFDEC8ECD97B40623F1D793E5622F7DF42348A4EA3B22743065D690EA13C9D97904BF1297B7B1678D93E9F2D344A3B9EA977A03CA44E74A2ECA1CE027063C10B7F1438A3E864F293DA4EB1BFCF45A6CF7464C387C96CA1AD6EC8E5EE84496A075192DA1E34797613D4F6DAE74B5A3E18B3AFE1A4B967B4EFAF77BCF02B4472F51AFD1204EE829330796D28D5815CF25A98C09609C09826487FDA0BD3E3F18C237EC41F25E7AD5ECB2435B8ADCB84B546C1BB334B6469FB5A02AD2D9986F27712C02FF11D4A6A125F2DB90492ED1D0498C9C8A77F270AF8EC0306C2F6E69EDAC29B3A45B0DE91E3804FA030FF5424FAEB81BB02E8CB02DD1536779C3C9DC9C8537432B01BCC0BD4612DCB638D177E11ACF0FF0895EE70AB8B1D42E5471E41B5345F22B73EF6304A5518C0903101E6A2E7E10BDF5F95B75D2BEC26BBDDB028D41CE4225D08BC0AA50A2F40793A2FA324B2EF42B053E905FE04180B5EF845B0C27F1FCA572F4416059D7A90DFFD80BDEDB77FBBB57840626F455792304F6716B97C9D918262191475FD1AF04303DB031A2BDDA01278E117C10AFF34547D6D229518C8A05485DB50A795EDE04F8052F193DBD2D88A72F1BFC9C459817518D5E5DF8702619E51E047FC1248B6AFC1FEAB26A3A4B5EBECFD3C8EDDE09145DD577E8512CDEE4355D47AC08FF4A3A521859F5CDDA1430F4C2BB97A95D3ECFFE300B00393E825C8E6096AE9EAB504725F4E42A9C0AF43E6CF0568423A9DCA9C0806CD09F6A0C5268FA324B32EE0D9CCACA33D4DFB5A87E5DC7B4AA72184BFB4BD83046034629F819A3FAC00CE436EC2B097D50B2803F201B4D8BA60F6E3F91FBE9FE6C141D04475B6DDEED9C8137306B9EAC56191D7B0F05458702A437E4DCEBD28396D2BCAC67CC6EECF2B8C739299B348A51579A3EA3E1A5DB7C25FF2A10E6CE7CC66B484F04A54E77D197219EE46E2BE0F8DA6CF232FCC00B9F27FA336211C11B5A0136D8ABD6F2197A9994576793F1AD9FBEC7D3F608C09E8BE797CD7F3C6EC33A807EF0C94AF9FAD67F1D79DF097DC700F4D260112DBC5281FFD4A3402033C81561EDD8DD6CDF61304A4C779E1F844C78AFF42E05B6822FF503D0BBFAE727592ED1D60089019F301E07791A90132276E01BE3038186C6F6EF6C19F10A7B2C49514EF1F5017D48DF0ED97D7827A38FD1DB2DD5D7E80D20E0637DFD2D8A37B8863962D4041BAF721D36F5DB5F76DBCA90BE127DB3BC21A067F864A64C415713F0F95BFEE4CB6771C55BE4B639D008E5BB609AD163B1FD5D6B906F506B80D952B79A56E3A4014A02E6C7C3B72CD05EE475F6621F6A2DA973F453936CF2313A8EEBC18C9F635906982A66C334A8D9887FA7E9D8726F84964D6F4A311FE3FEC7D5E67C3C8C99231543E21AF1AD4C5886FE9435D424612FE2C34BABD19F9C87F8B7CE48F27DB3B7E8BAAA5ED4627C30013F884B0F399B0EB612BCA1A3D1EB950E703A7D3943D03897D01B2DB67A3EFBCDF1EFBE781BB507CA02F5A53C7F1F69C0E2C0C6C09C57AA09E847F18F5B6DA8E843D8FC257B404BA42CC459E9F3060B40F2DF8DE61B7B33DD9DEF18A7D6C1FB9E66FBDE4DC8F615307B711DC903B349BC89A443681C1100410641381C9ADE08A36876B22D71CCE6D4631154DD2A733D41C8E390443CDE1E6924B720B3BB7B8DF6D169DE8BF4455E07E8612DD7653E0E476CA0C5E848AE5DE5A4FC64F5D983A214E6581572341B7A13A93A720614C23BF5B60A964C975343942BEEF3DBCB9DD4D0618DE100E72420F17A18755D5DC2E88EE2DECC0E236887317AFC761D0C9F90A0A823D8ECA8A3C0EBC600C3D4150383EE178781621B7E675C08F51E5E42313F50A385AEA4AF82E8EC7621A12FD4928CB7201B95A9427A3CBFF4C344AB6503B897B619796FD48E42FA2B8C453286BF34534A21F819103718ED93413B982DF8A4A0C9E848259D703DB4918D29FA98FF282752BFC422CBD41DDCD832CCDE46A57CE42E6C289C83E3ED1DE6693331F8E23572BC71D7D8B8DC0A510ED991546747B9109B71F4DCC77A2C528DBED6D877D6C3FD06320933086AE9B8B8BD3316566A309EFE5C88F7FBE3DCEFD6889E58DC06E1364E9BEF18D55F8C6C68786137E29A8FEBC09C8AD8E0A530FC242AFEEFD54FBDC14F24F0AB72362885B4FA79FFC9485B0006D0FB97EBA61E1D95C2566C69046F1E19FC06033F67866A2D55D4B91FDBE1CADF20AEB831E46BEFC5BD164B62E2B277BE1D719CE92C64928EF663E12F6EFA0D17C3132F76690FBFE33C834BA0F951C7F04E8ADE7540E2F7CF226C567DAFBD083D3974D64B34D99C48875E78F258BFFE1274C3EDC0CB944B870ADEE5C34675980841EAED59D8F46F968D3EA5E94FDB901C53F1E42E2CFD4E3081FA59EDC99E5129A1F17A200CF5C2093C826F69A809DD6ADB90B9D1407C8AF7F1F9A21AE5BD310C88799354D86FE37D09280FE49F79230D9C0FA79422F4F6856854D22422FCF146482846ECC591C660E9A7FCC43A29E4B6E825E68ADEE80DDF797D0C2F834F2F43C89E60855EDB15B0DFC88EFE078378E439E9FF39079B00805716623313691CBA70F6D74D7BDA90A0B39B766E8DB877C976628F2701E118A3DBC4D766EC53C4E6121DA83C89BF3328A4C6F415E9EE7D084F80090C966133CF6D92BABFD2FAF1A5EF82390BA612DD9AC215074743AF2FE8423ED49E43C4061F0683A1A75E326BA6EE7F3F016629C9B3B011E24D7013DACE270985C85E5DDF6B60B8DDC3B51A06ABF7D5D3F34D6485E2A5EF865B064750783C6D09A08DC163FA199D2427EE0293C01E2BC3D51776678B5E8776E479DC78682635ED41E8FC7E3F1783C1E8FC7E3F1783C9EC6A1EEDC999DC9140682402B8E8E8F3C9D4561F99EB67457B577D55345EA35652181164D5F437E41D523C0DB8187ABBD839EEA52AFC2078DF627441EEB23BFB983A741A995D5461E4F45F1C2F734245EF89E86C40BDFD39078E17B1A122F7C4F4352CFEECCB2E84C9E8B163E0DAD6D6D45FF2F832D2E952518088095E94DF1DB58BA34EFEFB6EEEE8AEEE3F7AEBD36EFEFB7DD7147FC7E2C4FD9C585249C6369B2C7A2556409326402DABA37D10878E15BD6A752A8B21F2D28EA1B5625381B2DE29E8104038A07EC4C607E03FCA233997AC464B3BB834482BC88709000ADC87A0B30A3339972971FF6A1624D7B8A45913B932950499055B857E92DCF2480CD181E74AFDD9DC9943EDB64A7026790E13CB48CF22CB46A6CBA3DCE2C5AD5F532599E20303FEF4CA63692DFD97132EAF575149D3EDB80D918BA4C025676D56604BCE1856F45D584E10CE00AE06A208504522CD8750D12C4634122F139E0079DC9D4D188900D2AC3175DE03A80D6BFFEA03395A2ADB8802E435DCDA37C9C40C55CEDB1B4008B30D9ABC915889A43F1D289D722C13F0CDC84FA80654DC0D1C030DF3EF77AECB2C600BA6AB996A6B7F1450A950EFF77E00FD0C2F25223BCADA846E79751438A562BC0905E24A2289380CB0318B114BDB3AD33629ECEA04A09EE36DE02DC0B7C0A9DC8F328BD5EE871E8C4BF0DB80E4C10180C5AB0FE3CEA15B613D89C4DD4769E57C38FF896C328C5216E20080BC666C9554688FBD2A70237A05A355FEB4CA6684B7785C2FD395A201E4D9A7BADD162F59D45F62F81CC9428FB51B9EF5C4B39992E330BEC63C61E0BCEB1C43117F81404CFA16A6A9DF6F1CDE10B02639B2ED5285EF8622B2AC1311FD5CDD9829AC43D89B239F721C14C41C5662F45F6763417680AF07E74F5D8E13CFE2BBBAD9591D7BF0AF5C8BDB7C8FE1D878A5D45D9666FB46D1A3AC97E6D3FFB7474423D8504FB14AAAB73009D22D3ECE75F698F27DA45661EF097A833E4D17ACB66F5C2173DA813E28F9159F234128871BF70C7ECF82A6A2CF76FE84470F91D5494EA2EE7B1FD68D48F0A7F2A2AD67A6F788528C05C54EA3CCA9376DB2E2F23B36B17B2D75FB0C757E858BE88CA81FF33B9467921AF4325D737536778E10706D4A9E14B584BB99000C3C73B93A941E4917915AA26EC5EF45B509B9DBB22E6CE0368049D1CD9EC25C863746084BD3C034D50A3A4091D9539FA804F1A8301C3CAEE74B163E945E2BF00786FE465B38173F1C2AF3FDABA868451B293C2117307F04164A7BB9C9C6B603E4437F02C1292CBB9F6F648F47336A4921833F49AA829D287843F2462E7841DEDB10CA0ABDD3BC9B7FB9B18DE3DB22EF05E9DF2D885EAD647996CB20411F9ED40AD78A2CC44A33E116F10C604042A57BE34E67DDB81DF54F058B6210FD4B0631997FF5C95F1C22F0FD74BE212A08AB1F60F031A85D791BF222CE472E25B9462088E47C1A7284FA04E289522ACF3D91078E197474926C58AF49039D5893C2B512E40F3853816A0A86D9447B1B5313DA3A7E16DFC38362C5B8EC96641FF9FD92885E164E45D095317C2FE5A278E62D32FA27AF40B228FCF035E0B6C1E9A102F5D8E75CC2FB1FBE07218099F626EC64753299AB3900D68B5FB1F1ECB1C72A90BC63E368506C10BDFC1DAD881C9661720FFF61528E47F1212F9A4B16F1D9039B10E35578B7239F01542D329C8AA4528C1850CBF323F87FCF5C58EA509C3E26CC02AE4AB5F8C4ED4A98CADFB63DDE0850FAC4FA6427FE43CE4D27B170A1855CC14743C41BF4081A5E89562050A3A3D133E1010CCB48F4779144DAC87E14C90CF46EED3B7A2C05C0DC7592B4FC30BDF11CAF9C02D68648C137C865CD387B07F6D02796546F37FDC827ACE5E1179FC5414E07A667DBE78CF8ED98F9F1133BFD0B10480B90AB899F8493168121B36940BE300CDF6581A62DED7D0C2FFD9F22B20B31734B1FC32C323AB03C8FF7EBFBD7F0938442E776716F075868B7324C2A4B5A8F09B803700B70761D68DBA1246D322B601EB21DFBECF9DC0E612148C8BCE237A51ACE0019442B1034574C346148B81FF44E2AF7B1A5AF85325FA49A8657D54F47B817F02BE396930B367A0B9294E68B3B10D944BC131771E243E69ED2264966CB7FB7569CC66D6A334843866039F60B8E89F4599A33F46628F3B9656864781EB968616BE258552915D0CCA49BF0530C9CD8F157AEF58EDE65FA3E0535BE4F185C8E4DA8EC4BB2CF27C16458BF3FCEDEB53A9D0F0B91AB838F29E1EE043C0F7A1B817A85168087B2E0EC7B6BF8CE1EEC2ADC01D4412BB2AC83E94B41665323A1141A37F34316D6BF83E77BFECCAB1047015C33D4F69606DF43D8D4EC30ADF12A06CCA282F533C477E4C4C9E3B7491788078332985CC8EAB18EE727C182D0889E338E09C98C79F83E0D0781C4B2DD3E8C26F66F8E4114A376146BDFA6EC9DAA1C5DC69647B475984C47F51E4F101E047144E2B98CCF039833D965A5E24383E34BAF0C3F69A514E463EFD581C336921F1274E29EC202623139937EF62789EFF53A8FB78219325EC9C18E54CE24F88A163313ACD5F4D03456EEB52F841DEDD30DCE16F90FC955221A7A0C5D7819B31B93E990C453FD93EFF0DE47F1F1D66E8E73A869F78335029F3E89ADF9F2013AC103DA8E76D940BB00BDDDD63E94CA6C2BF670486BF023E8722BA0D41BD7A7502E243F286215361285FBE8BB09F79FEFB57A300CFED9DC95428A899C8D3721D5A81356D2C3BD7D63DE4D65C8FFCF2AEFB3181EC75973DC07FC38813D45EE0315409C1651AF069346F58DB994C1DB49F7122CA0F7A374A8B2E371DA3A6A857E1878593A20CA511B7A53785E2BB1FD9DAD1C5DCB3807F01FE1CF9CD0D1ADD17906F12F4A02BC058725F5E043632DCEF1EE5E72880168BB3E4E547C84C8A9A3667A23CA02DC855DA623FF354728237F658A6D100E90D7569EAA0133AEEB23D8042F54304045B805B894FF16D4651DD37A048EB22F245DF09FC0D63F70085496B237114F88EBD8F6545EE2AF010F0ED022F9B8C5218AE4281B185E4449F01EE063E36D2E7D413F52AFC421E8E5E9C2A616DE92E5436862FA2D1FD6089DBDF8B4E96B7A1C0D0AE12DF378463B2FCA2C8FB37624F8E91FDF00674F27E02A551942AE0AD48F0EF44D51E0E97F8BE9AA65E4D9D13885F9CBD8FC8A26E9B46D0077C127959FE045549984B2EEF3E8B4E9AAD2841EC3B68B41F4066C37DE8A4C92093E7C951ECEBD32858763EC3BD32013A29F716DB485B3A4DFABC140393D889B232EF03DE8126B7279033FD3228DFE859600D2A1EF5A4FDEC6614EC3ACDFE9D40E658DD5157B65C576A29832601F026E04E72B52E43EE4669BAFDD1D1F3D1642ABCFCB520AFCE4224FE1624FAED482CBB806C5BBA8B0DD64B62F49AB0A06C000C9209FA4930621156C7CBE2BE3F4A3F90194DD475432A152E529F8A529D17A0394B1312FD3694D3BF0F1B9D0ED722D8FF59C239960160A0DEA2BE75257CFBE52580CF03D7C7BCE4E3A81BA20FDF37387563E33BA3E76B885FE1B40F5DFEBDE83DF5217C47F467A262A97151D77B80C628FEEE294ACD0BDF11FD223411BC38E665CF039FA5415C759EE2D4AC57E7D1156D24060741AECBAB911B6F49CC4BF7011FC18EF6DECCF1400D0BDFE1B568A9DDDC98E776A1D555B78317BD2747CD9B3AC8F7FE7DF25D8106E5E05C878239592F7A8F4BCDBB33AD8D3F07E5A25C837CD4DF466D735E043FD27B8653F3A64EA0B24BBB817614DA5F87D6B4FA51DEE3F1783C1E8FC7E3F1783C1E8FC7E3F1783C1E8FA706F91FE815CD7896C9A2170000002574455874646174653A63726561746500323032312D30362D31325431333A31343A35342B30333A3030C0D4909A0000002574455874646174653A6D6F6469667900323032312D30362D31325431333A31343A35342B30333A3030B18928260000001974455874536F667477617265007777772E696E6B73636170652E6F72679BEE3C1A0000000049454E44AE426082);
INSERT INTO `course` VALUES (2, 'Java Script', 'Курс посвящён языку программирования Java Script', NULL, 0x89504E470D0A1A0A0000000D4948445200000087000000BE08060000001F921C6F0000000467414D410000B18F0BFC6105000000206348524D00007A26000080840000FA00000080E8000075300000EA6000003A98000017709CBA513C00000006624B474400FF00FF00FFA0BDA7930000000774494D4507E5060C0D1B31BFFB327A00001A954944415478DAED9D5BAC64575ADF7FDFDEBBEADC6F7DF1B5BB3D1EBB6D8C3DF68C3D31818CA220F280040C12790908F00C3042106520892241E00D3252445E1221C24B883C8A2052E6058104011EB8D8C05CEC19DFC7DD63BBC7EDB6DB3EF77BDDF6FAF2B076D5A973A9537BED4BED5DDDFB2F95DAE7B86AEFB5F6F9D75ADFFA7F37E11685889C1591BF049E18F416E0FFAAEA4FA96A0870FEFCF90780BF01EECD69585F5A5E5EFE8DA29F4D5C04450F202F88088017BD06C18B77B5DB13D5C3A9301015392A0C44458E0A035191E3300CA0395E5F8A9EA00B6E598334213E00FE0FF0ABC47F361BC00EC3FFF0026C163D411754E4388C86AAFE96882C003F4FBC95F50DE03F001F318420AABA5EF4045D5091A30FCBCBCB9C3F7F7E0BF875600EF8D7313EF6349648FF0ED856CD73571A2D2A721C41449055EC6A300BFCE8908FF8C0E7805DE03F89C8EEF2F272D1D3C80495417A02A23FEEFBC01781BF8EF1111FF825E0D75575E2FCF9F3454F211354E418809D9D1D8077805F06BE1EE32335E0DF8BC8AFA86A702B10A422C700ECEFEF13D90F6F60578557637C6C0AF84D11F982AA7AE34E908A1CA760656505630C22F202F06F80B7627C6C0EF86D11F929559573E7CE153D8DC4A8C83104ABABAB5D82FC2DF06F811B313E7606F81D11F9F1A9A929C67505191B72789EE7F4C22A9D999C2B5756565055DAEDF69F618FAC718E237701FFADD168FC4B80715C41C6861C588169067BBC8CFBF2B3BAF9F2F232B55A0D55FD0AF06BC4533B2F01BF0B7CBF888C1D41C649E73807FC0FE207E204C0032E3788B3FC8B887A9EF707C69829E04BC0FC908F3C0CFC1EF039117969696989F5F5F1104AC7891C75E0D3C07D39DE631EF831EC0A3510C698EE7FBE057C2AC6753F8925C8E78320B892F783CA0AE3440E8030E7EB9F07FE0BF15727179BE60780FF0AFC34B095F33C32C138D91C6584AB0BFE31EC51772C509163B4182BAF5C458E0A035191A3C2408C1B3932D32D065C4F72B8479EE3CF15E3745AD905FE087BA2C80ADFE0B01DB005FC21B094D31C9655752FA76B678EB109787DF4D14769B7DB6425223DFDF4D33CF7DC735CBB76ADF7BB7ABD8EE7798808594774F55FB3D1688CF4D9251E73D103883D50C96FA8DD3FDAD9B367473297D5D5D591DCA742850A152A54A850A142850A152A54B8CD20EF3DFB70D163A85052044C32668EE40A2381404093DF67BC7C2C1546834E00FC24C383642BDC7ED8F2B075252A54388A8F3C60A5E851542825563CE2656F55B8FDB0EC011F163D8A0AA5C48795CD5161103EECAE1C26ED952ADC52304406E932D02E7A34154A853691CDB102B48A1E4D8552A145745A5907F68B1E4D8552611F580BB01578C7265C3E4F04D3E0D76F4D4753D8143AF197803D6033C096661E8BACEFBCE14F2AB5596E3D47A4806E28ECC78EE0DF02763C6CB250450EC8B05054C9A0A0C629B5635361D7036D026B458FBF42BE50B7CA26EBA836BD30D43615396E6D28A89B92B566346C079E274A999C6F8EB3C8F8E687FE291C22649194A86A5F0E5811F135B8F8CC15DEFBF2C3E520871720937781574032BA82CC7878B335440142B450A282B656D0CE26A909A2B86AE02B979EB9D28B002B3E79530D327537B527BF04F54567AA6730006A9393CCCCCF2348B44917BB8434AEFD2EAD1BFF1B24DD97458DFBCA011C22478742C30515A92F2253775BC1A188BE25F53A5EAD3C25BBBCC9BBC96A5B71E0798768B1E892610D2B99161B4B5A5B002F28CEEE2859231D091622BB2325DC568E165635EF55F6D9040A2F1A21F545902AD6B90BA92D65F23CD4ADAD6103AB9AF7C8B1451924F489259071AB44951F2498CF8E1CF1B10B6CC3013976BABF280E1E523FC318D593C91D12CC23DE04690D6347016C1BCB871E39F629BAADA5E721138B850EA16C906006BC89D4D77197CE751F22722834898C90E29E440D6A8B850EA16C107F1AF167521BCA8EDBCA3A960F11398C29584257F02790FA3C456B0BA5823789F8D3A47A2609A473556D43448E895A50AC84AE20FE1404B3850DA18C106F02A92DA4BA86BA9363C5F33C85881C5F7BFD6D28D4BFA210CC14277E95151220C11C69570E57E9BCD9680211397EEC3F37A16072486D0EF1278B1B4219213E523B93EA12499C6E0F7CE11A70B8BCF52AF9F733198CFA3C78752A9BE330245820D5F1DE4D000BE9F3B3F593A32BA117F3106A0BA91D4CB722A47E269584EEE8746BD17730E927C706D111A610D4172A75F404D89523F973492A9D73E4AE5B58E9B4884780D416A9D4D1E3F06A4B56034A08C793CA1E7DF1C4FDC27D4F361D39C4B32B47EAEB1C8D9C72245B09B7352BA1D7D0B0E53E1F9CC9B1431F07FAC9B14F5151E8E223A9C9A1E8FE47D0DEB1CE040D51ED80E9C0A17F43D0366A3A60DAD1EFDA60DA84334273EEE0C424DE240433883F63C5287F1AF1A6117FC20A54DE047835901A22812557C60493600EBC4908932DEA1ABA49E7F425B8F591431B200548E86A1F709032C8C6B4E9BCF1DFD1D517EC55BB9B6DCF223BFA6F746F34DA9315FF8CD298D5833D5A3C40ECBF1220E2DB25DEAB235E1DBC09C49BB247F048EAB6249A418219BCDA396A777E36DA3213C29F41FC29B4A5890C53C7956343FB42377AE450A52D528C842EFE04922A9B48206CA27BEFA3AD8D130C5B39FDB3D27D8F9EFC7635A02DB46F7CDA47AABE371EBE72B080BFF029FC14E4107FCAFA5792C05D1D5D2592CEA1CF20FDE0F91D4311B1A40AF893561D4D0A010D1BD0D9B53F1C7B6585FE6B7AD18AE2F7BD82432FD536DA49B9537B9336AE23C11747DDD5D1D50B4FDCD3FB448F1C773C350B85A8A40AFE34F85329A47381700FC2FD6CC2EA329B5A076D6FA4BA8478B5C8BF92E0D9245047AFBDF85EEF871E393EF68B57A02072486DD61A798921D0DE41C3E2649A93A716A6268795D01793DD3E81D3EDFE9FFB4EEF87A39BF30A4554F9A9CD4567F9E4D2B9B6B7C1243BEEE50635683BAD8D2F369634C9BCDC0430C391C5E12839D628A0CA8FD416D22732B537ED71B554504C3BBD8D9F941C69A473384E8E758A8842AFA7F7AB686BB3E054CA01E36A6FA41E97D4CE24722D384AE74DFAA473384E8E02A2D02532B8D26C076A8FB0A5AB7B276867C30A6D69AE122C268A424F209D1F8A233E4A8E6D46ED5FC9423A5703AD8D910E3BF6D0DA5BA84967287BB5052BBA39DA6469A473384E8ED147A167219D6B88B68B0D9E1F303934DC019372A70EE61245A13B469D1FDB350E914355F739B2EFE40E2F805ACAA60DA60DAD121627128170170DD3EDD4E2CF5A59DE51B4702DD8A2E821161F5D39461C85AE36883648299D9B16DAD9A154C7D8EE0CC306DA49972F964842775747D7D0C327D5C32B474B0F8589E58E9E749ED0770047A4F3B241C0343390D0279C038D1577BFCA7EA37968AD39BC72D89F46A8922A0453F695463AEFEC42A764D2797786DA8E0AB0248778F54825757846096A72F8FE6139E110392EFDFC5518313924988DF2419342D0F64EEA13417E530CD3ABA412D8E3ACCB6D1348E70FFCC2DB877E7192B2B2CA2843C06B73369E23CD2DCB289D77A126BD7F05DC93CCDD0AB61C93CEE1E4622DAB58C3B49EF1633A79D2B5797B6249012DA5747E00B3FF2E66FFBBE92EA2061772384AE7271E444EFAAB74136947428E5ED4799A4CB7D6867D1A658C5E179FF6F29FD359FFFB5497D170CF697E09A4F3637BDF49E4E8C6118EA03896D86A3E7824CFA7EA4AE7E54D86D2702FB5D661E1B67238E0C4F8E193A8784C46CD0D22B60E581AA8815619D5D14313CDE8E5F058DCBE6B2716EF39891CA3AB857E4B4BE7C52281747E4C283A811C7A28EB2957485AE9DCAAA3B44B289D170DD7A873D5630EA063E4503D2835982FA2822DA9A473D0B085B6CB299D178604055B38214FFA18394235BD22A57943FC09A8A591CEC5061597523A2F0E49A473638E9F088E9D563C2B41E7AF926A1651E7586284FB64B37244392C8E257F47033701CC551D3DE997C7C871E999AB232B942FC14CBA822DAA307106FFE15F4E1D6D0530B9384B7DAA1EA55396AB616667FDEF692FFF3F629124815FE5BECF5F39F6CB41D2E40AF6AB93E346AE1948E78AD4CFE05FFC6C06E311EAF373D46BE54BA606DB41A1FDD19FC58AB5754C665206981183C8D12D949F3CF73F0E6A5954E855E743FDC02B990E504E7298567C9797A33A3AD0C61CA4C7F66A51E609C920EAFCB68063FE8B1AA7B5B8C180D3E920728CA450BE54D57CE2A11713126F974F50CDE7441571D05F26FF422EE2A597CE6F13A86B34997BD4F989718C83C8B14BDE85F23329D8727B40C37DA718D90485F04F148A069123FF28F4D4D2F96D84700F0D776387413AFA5536544F36210690437396D06D351F2951CBAC3243C36DA7DC17F742F87AE2E1E34472A82177095D7A51E7655322CB079B3517330C3249359F01C134279243FCC1C24836B38DA2CE1324EADC8E70C9B74D12584CD42CF5284E24C7859FB902B09CEB8CD34AE7B7116CA67E4C2BD3DD2DB472F199374FFC1FA7890C3946A1AB4DD2F153469DDF26D0F67AECE5408DD3CA716A2B9561E4C8AF507EAF9A4F856130ED75462D9DC3E9E458234709DDB609ADA4F3A1702D1DA54E6BF1A9A7D2D3C8B1419E127AE9A473414A984E89B6A3185907012C3E3B4ED5B34E73897695B3B3994F583C6B739876661ED52CA0A60DEA757FC862A251C2569A96182D27E93C690FD993701A39724C5110C2F7FE14B3FAB592D8A3367465FFCC049D19DFD9AA1B744D09E6997CE03FE24DDC9DFC32A6610BC0B838DDE2E3D44A4EA79123D72874DD7E0BDDFE4EFA0B65884E4791D95EE1F394133478531752934CC33D5B143F1FE9FC5021FCA318480E85A6E429A197CADEE88E49338C7D132458885A7F268776B66DFD91B8EF77ADE6A33AF0D031F82F640BA417D86B76DC116939293B4A6B673B2A2F919B743E507A1D488E60CA2BB6D7ECD843EDCAE1A5CB47B7D279BC60E7249D206580740EA79063F7A6818A1CA920B5C5F4C5775DA57347BF4A4B06F77C1C488E07BF5854A1FC5B05296A96F7C1593A775C393EFEB3EF0CFC9FC342BFBB127AF652A6A3CE7B22BA9D944A892E39D2415DA47337A7DBD0B08C61E4E8E6504EA59EE52108DE992790A9BB9D6673F44998F597D1C687949220E265400E8DFC2A31E15E08FFD48B0F23C70656EFC8981C8A77E1476C325252855495CECBBF4D78235EA2CFC891A24F4A0FA61DD513CB2DEA7CE3B4370C131BF22994DF2BB892A290891764D36E3417A82D0F19A41B9F6AEED2F9A9171F468E8161EBE99045A9A692372AEE15964D81B09167D4F950F7C83072E45728BF9D417F94FA42290BD3DA95632AAA3D92E22A3DE93CE6FB1DA3CE39453A8721E4503DDEA0252B686B2B7D1F92B2A6536AB782404AE93CDC411DCA4B38F790D5D3E37586AC1CDA26AF40E3F6B675D9A7D9166A73192462E7014DDC06E3D0553ADB90AB747EBAF47A2A39DA6637A75EB3827676A2FEEC49D18D439DA0247EFFC333CC423A6F6FF6F7003EFDBD09C8317366EAD407772A397CCBFC7C54D26E459E3436436D2665CBD1BCA078B5C5D4AB9A530B3077E97C79FBE6E9E5B24E25C77DCFBC0D79904304C20674529C92556DC9A852E6BE4854C83E0BE93CBE3AEA5CCDE70BA7C7D3C409AAC8250A5DC366EA063AE24F22697AB5E40641EA1948E7AD35626F996E0258ACBE3A71C99171812CB1C6683B8D8462F36DA9B935A91909240BBF8ADA6DC52125214D0FD99310871C1BE41185AE1D346D7159092272940C1220414A72680753A0740EF1C8B1C510B124D9E433A8592E3E32712EBA5E988DA737F984A23184B6275BFD4CCAC7D372EAF094A087ECD06F661C73BA2BA1A708A13E713A99743BF0EFFB57C8EC2574FD15CCE69BE8FECDA8686D540C31B758D5BEB3A3D490FA12FEF403F8F34F102C3C853FFBBDE92E6F9AD0D92627012C5666411C72E457283FB584AEC8CC05FC998B70F1B3686B03DDB9866EBC8E597FC546B83797218C84C0B4F11FDD95493C2498C79BBA843FF718C1C29378B38FE24DDE9B5A15EDDDAA57B025EEFB9DA3CE871E15879343B589C84626333E7AE9D6A65D8AD348E03D7209523F839C3D07673F8D1F36D0E60ABAFD9625CAC6EBE8EE35BB5A990E765519D6AAA26BE589DD2A26EFC69F7D8460FE49FCF9C7F1A63E96DE2D3F685A9DDD9CA5731D9AEA3A941C0A2DC92B0ABD2BA1FB59F947FA6A927A3564FA5E64FA02DE9DFF1C3ABBE8FE0798CD2BD116F406BA77033A3B475A6445751ABD3A5EFD2EBC990709E63F853FFF49BC99CB78F57323F1E768672B92CE634EDB3DEA7CE809743839548D88E4A0924AE43B6859312B0F43B2FF89F9D3C8DC83F87397E1DE1F86F616BA7B1DB3F13A66E31574EB2A52DF2558B8883FF738FEC293F8B38FD86CB5943E924443EF6CDAF4CC182B8763C5628055D3194EA7B8FA6E4E12FA1E1A36AC7735F743C61109B1B6802C2DE12F3D8E6F7E026DAE313D0D93F317D2C7616431DAF6869374EE5ACD278ED762A8297FE97339F59A15B18D823B7B1413B07370F4447C64EA4EFCD9CBA5200638469D2790CE2FFDDCD5A16F8A7BCE5BC575E18A3329935E42CF7030689932FE1DA2CE1DA5F3D89E761772E424A18FA6D7E07841A3C0E25CA4F3D8313A71C9B1411E557E4CC76A1D150E4343B4E356083F6BE91CE293E3D454FD540FA1F46D3F470F35ADC8EF948BC6B147CCB8E0B8E4C8A9908B46E4289957B568F4AAF914279D437C72E427A1B7D60E54D252A7378E0EDAD9B2D57C62479D3B5D3E762E525C9D239F2A3FE2613E7A8ECECB1DE4CC13780B8F20D3F74465AF852407F8F184415B6B847B6F116EBE4867E3AB98E647C4FDEE3AA624AC13330423163954B525223948E88236D708DFFB53B8F1E7487D0199BD0F597C0C6FE97164EE4164F2EC814259A84B3E5B68B88BD9BF4EB8FD0AE1E60B84DBAF621AEFA15D8F725C89DEBD8BD9BAC68C5A8E450E83863E92532D74891E84A2AD75747515565F24F42791C9F3C8FC65BCA5C7F1161F45662E457DE17CC66E55D10EA6F921E1CEB709B75E24DCFC16E1DEDB91D8D5E708740C315070AEC91157D089450E6144BD667B44C12611EFBE67FD1F37FF1A825964E602DEC2F7DA5565E16164EACEC82F23A55C55B4BD81D97B9BCED64B7675D8F936A675D30657C3818D95C69197A02647DCB7C722C7A567AE8CACD7EC21F47F8B3A3BE8C61B841BAF135EFF63EB9E9FFB38DED22790A54F20B3F7DBA0DE6E2BD2021A07AB69A08D1B84DBAFD1D97C8170EB654CE35DEB60EC7A7EC5CBD4AB9BA44B42E412190A97C48A11F49A3D0DDDF80BACD4DD5C461B1F6296FF11822964EA2EBCF987FB0CDB7B21988D0896D316A421A6B582D9BD4AB8F5229DCD6F6276AF62DAAB51361FD9AC0EA78E815CA4737023C71A567A4D97C69519FA1E78D844B7DF21DC7E1BDEFF0BA4B680CC5E42161FB55BD0FC6564E27C941D47AA2D483BDB98FDEF126EBD6C57879DD7D0C6FB51608EE64F86A3E3C9493A073772AC6343DA4B428E23E8DB82B4BD81AEADC1DAB708BDAF2093E790F9072D51161F4366EEEB4BC21EB2AA9816A6799370E70DC2CD17E86CBD84D97BC706FF6AC8C156514C5D55479E3771A82DEB428E6EDC61BABA022341DF37573BE8DEFBE8DE0DCCCDBFB32994D3F7E22D3CD267D8DE0DC134E205D85353A4396C7DCB1A92BB6F629ACB079159235E1D4E83E36EB98F8398E9428E53EB64971A870CDB5D74F34DC2CD6F13BEF727487D0999BD1F6FE9715A77DC43D8798370EB954873D8C16E1502646B48668504055B626792B99023FF5EB32341BF61AB6873156D2C6356BE4E6355A8CD86A0C934872290403A8FFD05772147AE85F28B43FFF6A0803F5EEE1DF76A3EB1432F627F35A250F6AA167A99E07E425F8F9392D0456C728423E8355BC11DAE029871B0526293236A715591A32CD0448DAE565DACA8D83687EFBD091420A157E841434B88B0056153929063E5E233F1A4737058392EFCACBD3865F36EDDC25013C560EF42634DD85F16F65784D6A610369C89E1DC22C5B56855B7794BD510360F44B11961DBEA6D612B5A1DB2710B3957867425475742AFC89111BAAB83E9DB2A8C5BFBCFB8185A08FF285CC9B1819560CB58886B3CA03623C3B4ECCA10B66CACCF08E2969CAB51BB92A32BA19FCB7D2AB7107A8664FF5631FAE43AE73AF6AEE4B84524F47CA1C6AE06BD53452BB7ADC205CEBE31377228FB48458E6350FBC7EF6E15A669B78E9285B86EE158F8CF75E568005F053E0E9CC7E1287CAB41434B80B009A62984E5EABCDE8F10F810F8071CA4737024875FF33A9D8EF94D81FF097C1AF80CF04FB0641983388FE4503DD82A4CB3CF902CA7EAB309BC057C0D780E7801F8AED6716A53E1448E4E3B04915DE055E05563CCB39EE79D07BE07F87EE09F018F03F7308EC7DD6E89B0282E534D44867E45B25C5B45174DE006F02D2C19BE0ABCB9BFD3589D9A9D3C985ED3CDDD9CD8397DF5771699BCF38E6EDA02008A4E087201F8247655F93EE061205D51CE11616251F127A25345BE9A435A74D5CE37807F049E075E52F47D417A094BAACAC567AE24BE4966910BD79F7DC8864644970C7C8F766816042E034F63C9F2247089CC1B0A668392E74AED02EF00DFC0AE0EDF007DDB136FDB447B9BA2A82A971CFC27A73E8FBC66F2EEB30FE1F5159E52555F44EE021E037E207A3D0ADC411E7D6BC71F1DE003E015ECCAF00FC0EB6A74593C89E8AB980CC970142389797AFBF71FA0361DF46E268041A705B90F780ABBAA3C0D3C00CC8F624C25C53A70056B333C0F7C5355AF8B278DEED69676AB7041210171D7BFFC5074737BFB4EBB43500BCE61ED937F8A25CB13C0BD943515221B348077816F7260485EF5BD602334F660A1AAA8C2A5CF8D8610FD2845B4E4F5671FEA0613113D913A22F76009F2192C61BE07385B96312784013E025EC36E13CF03AFAAEA4D11E91D3347B93A9C86D23DE8EB5FBE8CE84184B888A0AAF3582DA56BD83E057C0CC8A6D078BED8C66A0E5FE74073B826C26E57235194E58D0F78F28BE5129F4B478E7EBCFB070F22BE77685531463DCF933BB0C66CD7B0FD047017E5306C5BC0FBC04B1C1892DF6E773AABB520E81D8AD528170BD82A5C506A721CC5F52F3F14E5181D98B68A998C0CDB4F71A0AD3C082C8E68588A0DA27913AB393C07BC047A03A4D57D031A1D336366B8970163458EA378F7D9CB8848CFB09D9B9C64BBD138033C8425C967B082DC4520CB02E67BC035EC16F11C76CB78CB136FCBF44412C584864B9FFF4EC25B148FB126473FDEFD5F97114F0E6D41AA5A1391BBB1927E770B7A04EB3474997B08DCC4BA0DBA5BC56BAAFAA18898BEFBF1D60757F817BF56F4D3C806B70C398EE2DD671FB2AE923EC3D6A89915E47E0E9C864F01F7735C5B516CD4DB55ACF3EA79E04555BDEE89EC6BEF4D0A86D2DB0E4971CB92E328EC71F960CA468DE7897727F6B8FC83C00F614F44AF027F05FC0DF0DAF4C49995BDA64DF45340D5E4A648960DFF1FE1DC97C173F32D3C0000002574455874646174653A63726561746500323032312D30362D31325431333A32373A34392B30333A30301F7C2CC60000002574455874646174653A6D6F6469667900323032312D30362D31325431333A32373A34392B30333A30306E21947A0000000049454E44AE426082);
INSERT INTO `course` VALUES (3, 'Assembler', 'Курс посвящён языку программирования Assembler', NULL, 0x89504E470D0A1A0A0000000D49484452000000BE000000BE08060000008B74B59D0000000467414D410000B18F0BFC6105000000206348524D00007A26000080840000FA00000080E8000075300000EA6000003A98000017709CBA513C00000006624B474400FF00FF00FFA0BDA793000000097048597300002E2300002E230178A53F760000000774494D4507E5060C101C2B19266DE4000026454944415478DAED9D797C5C5779F7BFF7CE6897B5D9B27659B6162F5A2DEFB1BCC54E62C7710A0924C485160890869D8412DEB6B40552DEBE5008849297A584026912A0E493829338CEEA78DFB57AB765595E244B96B559DBCCDCDB3FCE8C3396A5993BFB8C74BE9FCF6419DDB973EE9DDF79EE739EF39CE72848DC62AAD83CDE9FE280142003C806F2ECAF1CFB7BD3EC7F4F04E28118FB4B19E35CC3F6D700D00FF4001DC015E022700168B5FF773B70CD7EEC2DD8EA9F0FF52D0B7B14DF4F31F11847E8094026300B980DCC010A11224F07A620446D0E50B36C888ED10774223AC059E004701C3803B4D9FF7EF3076547B805297CC6157A1242E415C042A01C21F4742036D46D1EC530A2339C03EA8183402DA263748F3E587684492CFC31C46E4658EF6AA006580A940069801AEAF67A880E74219E02FB809D88CED00A589C0F9CAC9D60D2097F94E0CDC04C60397027B008C807A243DD4E3F63458C110E026F003B109D62C471C064EB009342F86358F75C6025700F701B62401A6956DD5B74E012B017D802BC0BB4D8DF0726472798D0C21F25F87884AFFE01603D504CE006A291820D6806B6012F01FB711A1C4FE40E3021853F4AF0990837E641844B931CEAF685297D08E1FF1E7815E11A0113B3034C28E18F127C21703FF011444466B25B77A3D88063C01F109DE00413D00D9A10C21F25F812E0A308C11787BA6D114E33F047E0374023F60E3011C41FD1C21F25F822E0AF80CD086B2FF11FADC0EF8067114F0320B23B40440A7F94E0B31016FE61C48CAA24703403FF697F9D77BC19891D20E284EF24FA444484E60B8868CD6409478603F5C04F1063806E883CF1478CF09D04AF02CB80C7810D845FFAC064C102BC057C1F780731288E980E1011C277127D36F028F06944F6A324F47401BF069E46E40A4584F8C35AF84E82370377017F8FC8A109EB764F528E00FF0ABC8C3D15229C3B8029D40D18B761EF8B3E0B21F82711E14929FAF0240BE17A66014D408F9A518EDEDE10EA768D49D889C849F00AB00AF826B0221CDB2A199703C03F035B010DC2CFFA8795C577127D02F059E007401952F491460E221F2A0AA80386C3CDFA878DF09D443F03F82EF01862D99E2432894764C09620C29F57C349FC61217C27D12F077E0A6C0A97B6497C4205E62116F6340367C245FC2117975DF426E021C4A44879A8DB24F13B99C01D880CD00635A3DC166AF18754F876D1C7035F4184C232437A3724812411B81D31E17850CD280FA9DF1F12E19B2A36A3669403A422C2945F450C6825139B68C4AC7B36622D707FA8C41F74E18F9A857D0A915C1615F42B97840A15A8420C7AF701DDA1107F5085EF24FA02843FFF2164A87232A22032692B10ABBE3A832DFEA009DF49F4C5C0CF11715EC9E46626A29CCB41A03D98E20F8AF0C710FDED41B93A4924908728EB7200680B96F8032EFC3144BF3AE057258934B2116B2AF61124CB1F50E18FF2E9A5A597B8221B31E8DD0374045AFCC158B5940DFC18581B84EF9244364B11418F5981FEA280597CBBB54F43842CEF0FF48548260C0508E1BFA36694F707CAEA0744F84E33B24F029F44862C259E5182A84AFD8E9A513E1C08F1FB5DF876D19B11D9958F2327A7249EA320D2D155606720727BFC2A7CA7C1EC43C07790690812EF511131FE0EE0B09A51AEFB53FC7E15BE3DFFA6067806B9185CE23B5188187F2370DA9F911EBF4575ECD6BE00F81EA2C6BC44E20FA6231626CDF3E749FD62F1EDA24F04FE0DD818EC3B2399F04C47EC69B04DCD281FF487D5F759F876D1ABC0E7802FF9E39C12C91814238A58ED5033CA355FC5EF2F576715F03526DE163A92F0C1842817B9115C6EC16A089F846FFFF26CE0DBC8C1AC24F0A420CACDF85C0DDB6BB7C42EFA28E01BC003C8492A4970C84484C9B7A919E5566F5D1E5F5D9DF5C0A790A297049787F0310DC62B8BEFE4E2FC04B9098324F8442156706D5333CABBBCB1FA1E0BDFA91CC8D7912E8E24744C47748037BC4969F0D6D5B90DE1E2C8CD1824A1E42F11F57A3CC6238B6FB7F653101355D5A1BE6AC9A4270651A7F3CF9E4E6C7963B1EF43D4AA9748C281E5883DD03CC2B0F09D06B45F44F43489241C30232A6B177932A9E589C55710DB695685FA4A2592511423B68732AC674307DA7B5211A2EA991CD04AC20D05E1EE5418B5FA4645AC021F47C6EC25E14B36C2EA9B8D1CEC56F8F61E5482D8315CC6EC25E1CCFD40A511AB6FC4E2ABC0C7103B954824E14C06C21D776BF55D0ADFDE7366011F415A7B4964F001A0CC9DD53762F11F4014F7944822812C845BEE52DBE3FED1DE63B2800791D65E1259DC0FCC7465F5DD59FC0DF87991AF4412040A80BF7075802BE12722ACBDA1F090441246A808173D6D3CAB3FA6F0ED072F42EC572491442295887D76C74475F1FE7D884C4C8924128945F8FA6396B0BC45F8766B9F0BDC19EA964B243EB2867192D7C6B3F8AB08428D728924C06431CE4295B1841F056C420E6A25918F8AA8C3133FD61F6EE034532B07B59289C20260EE6877672C8BBF0291E926F1125DD7D1751D4DD7D134A797FD7D5DD743DDC4C9441A63ECBD36DA9D8942F84421CFB9B7691A782410059329F8CDD675D074D156455188329B898B89262E369AD8E828A2CCA61BC78D58AD8C58AC0C0D5B181A1961C46245D3344041511554C5F804B9A6693E74A0C0DD2B4DD3D175CDBB56292AAAEAF72401055807FC3B30E87873B4F07381C501B9231EA02A0A8BCA8B999E9684919F56017AFA07D9D7700A8BD51694368A1F58674A421CB372A7535E944759711E45F919644E4B212D3991D8E828CC4EC2B7D885DFDD37C0D5EE7E5ADB3A39D5D2C6D133173871EE32973BAF316CB162525D8B5207CA8B6750903DCDD0FD197DAFFAAE0FB1B7E1142316AB5FEF89AEEBCC9B9543615E8657ED3A7BE10A479B2F06223FA6122834556C6EB4D53F0F3809DFEE032D40AC5A0F199AAE939D9ECACFFFE9D3CC9E9565F87357AEF672CFE7BE4BFDC916543570965FD37514148A676472CFCA6A36ACA8A2A2249FA929895E5BD1C1A1112EB67771A8A999175EDBCD2B3B8EB8B4E6BAA6F3A90FADE1910F7BB791E4D56BFD6CFAFC773974ACD96D27F38498E828BEF9B90FB3698D7705389EFEED56BEF6D4F328FEB7FAE988716BA3E30D678BAF2066BA42BA6795AE69D4CC9FCD9CC2EC1B6E821172325259B7B49CBA132D016B9B4DD3C8CF9CC6C3F7ADE1A3F7D4302B6FBA5FCE1B171B4DD18C4C8A6664929294C0B63DF56EADB1D9A4121DE55DE02D333D85B54BCA387CB4D96FF746D3348AF332593EBFC4EB769903E7AAAA88B1EBB380CDF1868324C2C0CD89898E62D3EA051E891E405114EE5E514552629C67430303384E7777CD7CFEFB075FE61F1FBDCF6FA21FF35A027666FBF915B86B792553FC78AF741D562F9EC7F469C93E9D23805403D31CFFE32CFC42C46AF590A1691AB3723358B1608E775736AF80F2A27CFB80D17FA88AC227FE6235BF7AF26F58541ED865C7C18AF7CC9F57406961AE5FEE950E24C4C7B2BEA6CAA3017A909901CC71843555B8E1DF5722EA8F870C5D87B54BCAC89E9EEAD5E7539212B87379058A1F6FBEAEE93C70E752BEFBF866A64F4D0AE5EDF12BA94909AC5B5A8E3F6E95A669CC29C8665159584FF62722C6B0C0FB165F011612C230A60E24C6C772CFAAF93E85B4D62FAF646A72A25F62E59AA6317F6E014F7EF141529327DECEA5772EAF20654A82EFF74A87754BCB989A9218EA4B72C742EC65331D424F002A42D922CDA6515694E7B32B515A9C4BF5BC99689A6F3FA60EC4C7C6F0D58F6F62666EBAD7E7B1DA342C561B16AB0DDDC736F99B8A927C2A4AF27DBA57BA0E498971DC799B7F9FB401621E900AEF4775B208F1BA5A4511D63A2D797CABA1EB3A364D7739FA4F888BE1EE15F3796B6F23BEA0D93496561473F7CA2A8F3E37346CA1E9542BFB1ACE70ECEC45DA3ABBB1586CA8AA4252621C59E9A914E66530AF3087E21999A4A785CE7D4A4A8CE3CE6515EC3874DCFBFBA4699416E6317F5E41C8AEC303F21073559D0EE117E234E20D36BAAE3335790AEB5754BA3CAEB77F90E3672FB1A4B2C8E571EB969691392D854B9DD7BC1E6CA9AAC2A655D52425C619FECCC1C6B37CFF3FB7F0D6FE26AE76F7A369634DA68959D329F171CCCC496745F51C36AD5EC0D2CA22121362FD1AD1397FE92A19D39289891E3FBCB8EEB6729E7AEE55BA7AFABDB2D88A02772C2B2735696C57D06AB5D17EB597ECE9A97E194FF848325062AAD85CABDA07B6B3096121584DD35954564879719ECBE3BA7AFAD9DF70C66DD8AB784626CB2A8BD1BD8C58E8BA4E72623C4B2A8A0C7F66FB81636C7EE2C7BCB8753757BBFB501430994C63BCC4D3AAF7FA00474E9CE3E9E7B772FF633FE081C77FC496770F33346CC15F0A397AE6029DD77A5D1E535A98CBFC39DEB986BAAE933225813B6F1BDF4BEEEE1BE0D8998BE1207A10FEFD3C103EBE0278173FF4576B4C2A1B57CD273ECE75DF6BB9D4C9DE3AF753EDD1D16636AE9C4F94D9BB89145D87F4D4247233A71A3ABEEFFA10FFFA1FFFC3A9739731994C862CA7A2289854159349A57F6088D776D6F2B1FFF30CDFF9C5CBD86CFE09C7F60F0C71B1BDCBE53109F131DCB5BCC2AB8082A6E95496CCA0A2647C83D5D6D14D4FEF75BF5C8F9F980D9854208E10D6C4D4749D9CE969AC5B5AE6F6D8C3479B3978F42C1D5DBD6E8F5DB9702EF959D3BCB66469C9894C4930E6E65C68BB4ADDC9F3A85ECE3C2A8A707F7AAF0F70A0E934569B7FF28DAC568D93E7DADC1EB7764919E9A9491E47775445E1CEE5154C71E10E9E6A69632448F9530629009254C4283764F939BAA6B1A27A0EB3F25C6F933B3C6261FBC1639CBBD441EDF1736ECF3B237B1A2B17CCF53A533026DA4C5494B1D963D59E59E96BCC465114BFE6194545996838D5EAD6359C3D338B45A5851E19095DD7999A3285754BCB5D1E577BA285A8E8B0DAEC3E13485711F5068D3DD303404C74349B5657BB4D5138DB7A85C3C79A1919B1F0D6DE46B7D6C96452D9B8723EB131DE6DB6AE7990379F97399585A5B3D0FDE4A2F88B84F8181A4FB7323034ECF2B8B8D868D6D7547A9464A7693AF3E71630AF687C9B393038CCA1A6B3C479F91B048854205B4558FB905453D0348DA2BC0C6AAA67BB3D76E7E113B4757683AAF0DEA1E35CBDD6EFF633B7CD2FA1383FD3F3697945F8ED834323860E8F8F8BE18987EFA5784696DFFC737F101F1BCDA9F36DB45CEA747BEC9AC5F3C89C968266B0B3ABAAC2FAE59524B818979D3ADFCED1B31789890E69DEE368E2807C1511DB0C494447D761EDD232B2D25DA728582C36DEDCDB80D5664355544E9DBF4CAD812CCC8C69C9DCBEB8CCE3E4274551E8BCD6CBD56EF79DCBC1B2AA627EF1CDCFB0B8ACE8C66AAB50136D36D3D9D5CB8E83EEE3F485F9992C2D2F321409D3759D8CB4646E77332E7B7B6F2357BBFB880D2FE147E124FCA03B61BA0E531262B96755B5DB8842CBA54EF6379E4151541405FAAF0FF1F6BE46B782561585BB57CE674A42AC47E2571585CEEE3E9A4E5FF0E89A562D9ACBEFBFFF251EFBAB8D64A42563B36921ED005166333A3AAFBC774484495D10136D667D4D15660391304DD359585AC8EC82F1D74B0C0C0EF3FAAE3A344D0FB7C2AB0A76E187647DADA6699415E5B3B0D47D62D39EBA935CBCD275A383E8C0BB078ED1D3E73E4CB6B07426F366799E8538346C61DBEE7AB104D20366E44CE3FF3DFE102F3FFD388F7C781D39E9A9689AEEF179FC814955309B4CEC6F3CCDF1E64B6E8F5FB5702E39D3D3DC7656934965C38A4A6263C6B7E447CF5CE4D0B166CC66F5C62AB43022DB31B80D3A8AA2B0A1A6D26DF297D5A6F1C69E062C4EB17B55553876F6228DA7DC5BE4B49444EE5A5EE9F1048AA22A6CDD55CBF1B3EE05331A93AAB2A4A2889FFCC327D8F2CC13FCC3673E4879513E2655C566D382967AAC9A544CAA4A47570F6FEE76BF076C414E3AB75596B874771C2BE4562F725D4BF84DBB9B633699BC5E981240A6AB84205541D775A6A54C617D4DA5DB632FB675B1B7EE148AF27EC44151147AFAAFF3CEFE2643DF77D7F20A52933CCBD8541585F397AFF2FF5F7C038BC5BB38B4C9A452393B9F6F7DE1C3BCF6D32778E61F1E66CDE25262A3CC41190447479931994D689ACE6BBBEAE8BB3EE4F2F8A828131B5654121D35BE25D73591C354983FBEBDECBB3EC4B6DDF522292FCCFC1C3B692A21C8C117290AB3287593A200B0AFE134E7DBAEDE320ED0757867FF51B73F26882CC4F9730A3C9ECC5214786ECB4EFEF0FA5E9FAF3927238D87EF5FCD4B3F7C8C5F7DFB51D62C2EC56C52FDBE68E6966B403CBD6A8F9FA3E1E479B7C7D754CF7139F1176536B3BEA6D2A5156F3CD94ADD89169400AE7DF691241591921C54448CBD9AF858D7F15D9BA6F1E69E0686476E0D2BAAAA42C3E9F31C3F7BD1EDF72526C4B2614595C7D3F28AA2D07B7D90BFFBD18BBCB6A3D62FD79E9214CF031B96F2DF4F7D991F3DF1D7CC9999234A85F8EFF68E75215CEBED67EBCE3AB7DF9397359515F3678F39F1A7693AB9195359B970AECB736CDB53CFB5DEFE70C9CF198B449531CAAB05124DD7C99D9EC65A03290A6D1D3DECAA3D3966EE8BA22874F5F4B3FDE03143DF7BC7B27232A6267B3E2DAF2A9C6FEBE4B3DF7E963F6EDBEF739EBF83B4E4441E79701D2FFDF031FE72630D512635A085A67460DBEE7AAEB909D19A4D2AEB575411137DAB51D2758DE5F34B98913DBE77DCDD37C01B7B1A02BD7ED65762554439E5A0F17E8A82FBC5DA079BCED07CF1CAB8D3F89AA6F3D6DE46060C4C34951464B1A4BCD82BD74255555A2E77F2C8B7FE83EFFCFC658FE2FBEE98332B9B67BEF1307FF7E90F121F1B1330F1AB8A4AD3990B1C6C3AEBF6D8DBAA4A98953BFD967B151D15C5869A2A97B3EC75C75A683CDD1A88C250FE445181A0CE271B4D51D0349D37F734BA9C3D555585DA132D9C6E719F88151B13C5C695C6E2D4E37DD7B5DE7EBEF5D33FF2D0DF3ECDD69D750C8FF8A720D3948458BEFEA97BF9C623F7111B1D1D10F12B8AC8D67CF5BD5AB7E1CAECE929AC5A38F726ABAD693A05D9E92C7731CBAEEBF0FAEE3A7AFB06C27E355650471F9AA651949F414DB5FB2CE88E6BBDEC387CDCA59FA8288A38CEE00AA2D58B4AC9CB98EAB5BBA2280A9AAEF3C69E06367FEDC73CFC8D9FF1F6DE2606068DA536B8223ACACC173FBA9E4FDDB7266081104581B7F737D1DED1E3F2385555595F53459CD3184CD735562E98436E46DAB89FEBEAE9177954E1AD79718DC1FC325D87754BCAC94C4F717BECA1A6664E9CBB84AE83CDA68DFF1AB1F0FAEE7AB73393000539D3A8A99EED75C6A6039349A5A77F80FF7A65271F7AEC291EFCEA8FF8ED9F7672B9A3DBA7F3C6C644F1B79FDC645F18E2FF688FAA8A748FDDB527DD1EBBA4A2E8A63CA7D89868D6D754B94C643BD4D4CCB1B3175195B08DE6DC2068330B2245218E8D06AB289CBFD449E9AC5CB739EEBA7D4AFC6A773F3919AE737ECC6613F7ACACE6F7AFEFF539E75DE4D02BF4F40FB065FB61B6EDA9A774562EF7DFB184FBEF58CCEC99595E3DEE7333D378E481757CEE5F9E0DC86CEFD0B08557DE3BC207D62E7429E2E9539358B3A894FA93E7D1348DC2DC6C96558D5F7649D7755EDF5547DFC050488AF77A4AD084AF691AE5C5792C34587BE563F7AEE0C10DCB0C4D8028282426181BA32FAF2EA1302F8363672FF825F7DDD1016C368D2327CE5177B2855FBEF40EF7AD5BCC273FB8DA65DAEE78DCBDA28A921959349D69F57B1D504551D871E818E72F77323377FC0083AA28AC5B5AC62FFEF8160383C3D454CF21735ACAB8C77774F5F2F6FEA6700E61DE7C7D04A978974851A81A7751F26812E263484D4E2035C9FD2B2529DE70DDC5ACF4546E5F5C1A90709B495551148573973AF8FE6FB670EF17BEC753BF7E959EBE018FCE93999E22D60C07A091AAAAD072B993ED07DC8781ABE6169097390D739499358BE6B97C52EF6F38C3C996CBE13C6975F37D00867D3E8B1B3C495108F805AB0A77AFAC22213E36603D5E55C57ADAB317AEF0C40F9FE7D16FFD920B6D5D1E7DBE72F68C80557DB658ADBCF2DE11B76B9733A7255351924F465A32D5A5E3579FD1349DAD3BEB18181C0ED30C855B098AF0354D67715921A545B9A1BE5E0016951532CF3E631A485455C1A6E9BCB075378F7FEF39BA3D58749D9B91E6F562797728AACADEFA539C721306369B4DCC9F534059511E792E16DEB77576F3EE81A311E3E6009A0A78F61CF602B34965E3AAEA9BC263A1646ACA14EEB8AD3C28D6494144535E7EFB002FBF75D0F0E79212E389329B02F254521585CB1DDDBCBDD77D925F79491E2B16CC719982BCA7F614672EB407745F023F33A802FE9B861C034DD7C9C998CADAA5A5A1BED81B280AACAFA9745937D21191F1879FAD00232316DEDEDF64F829A3284A402DA84DD37875C71106065D3FF0E715E672E7B2F11794DB6C1AAFEDAC6568D8F7B98C20725D05AE05F21B744D6365F51C66E506AE9EBC3754CD9E41E5EC19634E66E9BA4E7AEA143E73FF5AA6A64CF15B0AF1D0B005A37367C323166C015CBDA4AA0A878E36D374DA75925F414EBA4BFFFE427B173B0E1DBF296D3C02E83103EE5722FB406C8C485130B20AC76AD3B87CE51A169B15AF12B9759D298971A4A7BAAF473925318E0D3555BC77E8D6E8868E9849FDEA27EE61D39A053CF9B397D8D7701A9BA679BD758EAAAA2C2A2B341C7DEAEAE9BF69F18DBF51ECCB2BB7EDAE6351F9F8216611C919FFB7D875E4042D973BC23D3767345D66A03D5067D7348DE2FC1C435514008E9EBEC047BFFEEF5CEBBBEED5E48FCDA6B16AE15C7EF9AD470C8D27EE5856CE0F7EF30A1DD77A6FF93E1DF1A36F585149D59C19FCF64F3BF8CD9F7770A2F922569B86AA2A86DAA8DBB7FCBC7D71290FDD7D9BE16B397DBE4D2CAE0FA0DFACEB3A5B77D5F3F9CD77913CC5F3245DABD5C6D61D750C8F583099C26E79A12BDACD80FB84762FD17558B7D4588A0288FA938DA72F78BD6A47D774DED97F94D3E7DB292F71BFC8656E610E8BCB0AF9F3F6C3984CB77EA9C32BC94A4FE16B0F6FE2C10DCB78F5BD236C79F730474EB4D079ADD7BECBA2CECD8DD64107C5A4929E92C4BDAB17F0F54FDD4B6E669ADB36010C8F583974B439E0FBE1AAAA42C3C9F31C39768ED58BE779FCF9964B9DECAA3D11696E0EC025337001B0E2E7595C47DDF48D2BE71BB28CC32316DEDAD788AE6B98542FAD874924ADED3C7CDC90F06363A2B87BE57C5EDB596B287A32237B1A8F7EE40E3EFE81559C39DF4EDD89161A4EB572EE520757BBFB18B658511075F5B3D353292FC967C582D95494E413E5C1BAD3D32D6D1C3A7A36E093416209E700AFEDA865D5A2B91E3F65771C3A4EEB18ABE3C21C1D386F065A11B17CBF0A5FA428E4B3C040150580E60B1D1C3ED6ECF38F6DB3D978736F230FDFB786E868F79774FBE25272A6A771BEFDAAE192E271B1D19495E45166EF5C369BC688D57AA394864955898E367BE5AE69BACE8BAFEDE15287F725CE3D4151E08DBD8D3CDED5E7D1564723162BAFEDACC562B5469A9B6301CEAB0857C77D15560F511585BB6BAA484932E63BEEAE3DC9E5CE6E9F7F6C455539D8749673173B0C1D3F336F3ACBE7CFF6BAA438886CCDB8986812E262888F8B212626CAEB7CF4830D67F8F5FF6C0F5A250645553971EE12FB1B4E7BF4B9B3AD57D853772A6252149CB88E5DF8EDF839B2A3EB3AD35293B8CB608A82D56AE3ADBD8D58ADBE4731C4E4CC3543A9B7005166131B5755874599BBCB1DDD7CE3C77FA0F58AF1A78FAF2888E24FAFBC77C4A399ECED078E7239484F253F730DB8A402DD0877C76F689ACEE2F242E6151ACB4C6C6DEB625FC369BF0D922C562B6FEE6DC46AB03CF58AEAD9CCCC991EF0140657B47574F3D5EF3DC79BFB1AFCBADBB8111405DE3D70948BEDC6A67486872DBCB6B3CE6FE5CC83CC65A0D391AB73C69F67369B4CDCE3418AC2FE86D35C68F7DF20495154F6359CE642BBB1C4B09C0C5120C93988227CF5E058B323C7CEF1F03FFE8CDF6DDD1392257BAAAAD27CF10A3B0F9F3074FCC996360E349E89A41405679A817E475AF209FC949EAC693A799969DCBEC4588A8263C1F8F088FB155446515585D6B64EF6D51BF35B555594148F8F8BB91198EC1F18624FED2943757BBCE5425B17DF7B760B1FFACA53BCBAB3D6EFC5973C39DDF088852DDB0FDBC3B3AE797B5F13ED577BFCDF4983D3E78F0336B3ADFE794C159B8F03438812CA3EA1EBFA8DA24446A6FA2F7774B37B9C1222BE303C62E58DDD0D7C70DD2243AEC382D259CC29C8E6C8F1665455A5BB6F80CF7CF3172C292FE29E55D5372A432427C6FBF403F5F40D70BCF9125B77D4F1D25B07387AA6159BA67BECDE689AEEF6FEDA341DDDA03D5354955DB52739D3D24E7141E6B8C70D0C8DB07567AD98C536320BAD8B7618D14210B643B502C7C0FE139A2A36CF02DE01F27D3DB3AEEB5494CC60CECC6CB78B3D14E05AEF75B61F3A6AC8D278DA8EF4D4245654CFC16C3290E5A8EBECAD3F456BFBD59B12D434BB28A7A64CA1283F83B2A23CE6CECA6166EE7432A72533353991B8D868A2A3CC984D2650C40F3862B1323462E15AEF75DA3B7B387BE10A4DA74585B113E72E73B5A71F1DCF056F6F2AD5730B28CACB1CF7BA14A0F7FA20DB0F1E6570C462A8AFAAAAC2F2CAD9644E4B19F3BC0A30383CC2BB078ED2373068C858459BCDAC5C3097D4A40497BF81029C6C11E5DF03E8ED75006B6DF5CF3738841F0F6C01D6F8E3EC9AA67BB0A05B09D81A4D215CE30356D5BE826AFC73E9808EA2A8C4449B4508333E968498686263A26F94D5D3749DA1E111068686E91F18E6FAE0104323167B5B14C3E90EAEEFB1666066D7F37B2B2CB3EBF3AAAAC923711A3927F87F2BA4313804DC61AB7FFE9A63866710A8C34FC21783D4D04F6A88F5B0FE6987636DAD038BD5C6886580EEFE017B8682FEFE6FAB38FE25528B458AB1FFDA02044C2081304261B4F8BC11E881F7676B75446FB0110E8A8D101445111A7FFF1F92F045070E021AD8EBEAD8EA9F07A8078C2F0C9548228B3EE0B0E37F9C9F41CD88B0A644321169064EDA8DFC4DC2EF077C2F042F9184270771F2689C85AF033B0842D5058924C8D880F7B0FBF7E0247CFB23E008E07EDB0C8924B26803F63BDC1CB8B568EC65605FA85B2991F899C3081FFF06A3856F05B6211E0D12C9444007DE64940B3FD6CCC26EFC9CA62C9184900EE0DDD16FDE247CBB0FD48218E44A2413817D3885311D8C65F1AD88BC1DFFE5094B24A1C186D0F22DB9E5B708DFDE337600C6D6EE4924E14B2BF0D6587F182F7BA80D7835D4AD96487CE44DE0DC683707C617BE0EBC4C80EB6A4A24016400F823E34428C714BED364D6CE50B75E22F19203C09EB1AC3DB8DEF57010780188A8FACF1209C2CAFF1E7BEEFD58B85B21F00662818A4412499C04FEECEA8071856F7F447402CFE394DC239184393AF007E0C2786E0E18DBE0F9256468531239B4022FE26691AF4BE1DB7B4C2BF09CBB13492461C21F8013AEAC3D18B3F83AC2DD91565F12EE5C047E8301D7DCADF0ED3DE71CF05BA4D59784372F008DEEAC3D18B3F82004FF1CF62A54124918720E781683811843C277CADAFC1922894D22092734E057C07123D61E8C5B7C072F00FB437D9512C9281A11C237EC8A1B16BEBD2775003F2408BBA14B240619017E0CB41AB5F6E0B9C507780537B362124910791B11C2F4088FCA05EAED0DA819E516C4406223607CB73089C4FF5C05BE8C07BEBD036FAB791E069E412E4A97840E1D11C5F16A99ACC70562ED565F47EC2CB1142808F51D904C4A0E038F01DD9E5A7BF0B232B25DFC03887486BB01CFF7839748BCA70F781CD8E78DE8C17B57C7C1BB489747125C7444E8728B2F27F1BA16BE93CBD3082C008C6D612E91F8C63EC480F69AB7D61E7CDC04C2C9E53909DC052487FAAE4826345780CF03B5BE881E7C77751CEC079E442C579448028105F83744DCDE677CDEF6C76EF5019A80E9C042E4BE3812FFF33BE09F81615FAD3DF869BF2BBBF8AD88CA0CD5C0CC10DE20C9C4633FF039A0DD1FA2073F6EF466177F3F62B0BB06981A8A3B249970B4027F03D4F94BF4E03F1FDF99C3C0D7100BD525125FE805FE9E001431F6EBD69E4EFEFE29E03AB01A880AFCFD914C4046807F41AC01D1FC69ED21007BDA3AC5F7EB8018605920BE4732A1D1809F2222857E19CC8E262082B48BDF8628E3968E18F0CA488FC4282F22DCE5DE40881E026889EDE21F01F6003380B2407D976442F10AF005E04AA0440F8119DC8EE62A228BEEE5207C9724B2791B21FA4B81FEA280FADE4E83DD7E60173007280EF44549229277814780337063A96BC008F8A0D349FCBD888DE54A90E297DCCCBBC06710D1C0808B1E82146D71127F376287E95908EB2F91BC8998A00A9AE8218861C65196FF3D200B2845467B26337F063E0B9C85E0891E821C5F1FE5F36F472C56AF0A763B24214703FE0BF8127001822B7A0881E0F4F60647071844885F4764744607BB2D9290300CFC04F83AA24E53D0450F21B4B44E71FE5D88BC9E454042A8DA23090ADDC0B781FF0BF4D9EA9F476F6F08494342EA6238CDF01E4214A49D8F98E9954C3C9A81AF00BF04464261E59D09B96FEDE4F79F44ECB238CBFE9283DE89C32E44E4662BA0875AF41006C2879BC4DF8ED8702E0628476676463AC3888D1ABE8858A117127F7E2CC242F87093F8AF03EF2016205400A9A16E9BC42B2E02FF84482DEE84F0113D8491F0E1A6888F0DA8453C2273804282935724F11D1D11ADFB3CA298AB05C24BF410C67EB4A962B3E33FD3804711C94B19A16E97C4255D8885233F42B8AD612778076165F19D71727D061183DE034036A256A7B4FEE1858EF88DBE8C88DAF441F88A1EC2D8E23B33CAFA7F02F1182D0875BB24804821FE99FD15D656DE99B0B5F8CE8CB2FE7B10D97C7108DF3F26D4ED9BA40C22D6587C19B145543F4486E821422CBE334ED63F0651B6F04BC00A64E83358D810F52B9F4624990D40E408DE41C409DF81530748053E849820A942FAFF81A409F805C2C25F71BC1969A28708163EDC247E1003DF8F007F8D98FC8AE86B0B334E2226A29E436CFB0A44A6E01D4C08718CEA00B9C003C04711136011318E09433444FED40B88AA07671C7F8864C13B9810C27730AA0364019B80CDC062C46058E29E114435BC171083D7F38E3F4C04C13B9850C27730AA03A400AB106ED01AE424D8785C45CCB8FE0E51EDE04609C8892478071352F80E46758068601E702F700FA2CECF647F0A0C23DC9957813F21AADF0D39FE381105EF60420BDFC1A80E00300D5882D8AB7735623E60B2AC00B32272E3DF43EC23B507FBC49383892C78079342F8CE8CEA040A221AB404580BD4203AC1445B09368858D0BD0751D5602F22FB55731C3019C4EECCA413BE33633C09A6235CA0E58862B7A5402691F734B020ACF83184C87701F5401B22AFE606934DF00E26B5F09D19A313C42242A3A588A2B75588625859C014C267A24C472485B5216AD3D421967236222A180C381F3C59853E1A29FC3118A31380B0FA53813C4407988DA808978F8814A52036BA8EC6FF9D4247841907801EC4AC690B701A3881107C0B2212333CFAC352ECB722856F80713A0288C9B12444D6682662D14C0E62DC90851844A722B6418DB3BFA2109DC371EF1DA2B620222A8388A25B5D0821B72132202FDA5F6D88D0632F62A07A0B52E8EEF95F269F0BE6CB37D2E60000002574455874646174653A63726561746500323032312D30362D31325431333A32383A34332B30333A30304A0728050000002574455874646174653A6D6F6469667900323032312D30362D31325431333A32383A34332B30333A30303B5A90B90000001974455874536F6674776172650041646F626520496D616765526561647971C9653C0000000049454E44AE426082);
INSERT INTO `course` VALUES (4, 'C#', 'Курс посвящён языку программирования C#', NULL, 0x89504E470D0A1A0A0000000D49484452000000BE000000BE0802000000041622CA0000000467414D410000B18F0BFC6105000000206348524D00007A26000080840000FA00000080E8000075300000EA6000003A98000017709CBA513C00000006624B474400FF00FF00FFA0BDA793000000097048597300000EC300000EC301C76FA8640000000774494D4507E5060C101C208EF4B46C00003E8A4944415478DAEDBD79BC65557527FE5D6BED7DCEBDEFBEA15ECD45318F022A8A4A10358A8013894612A331C6684C1CE2D431764CBA3BFD4B77A763B7C681187F8E5163D4689CA2111505040544419C1054642EAAA8E9CDEFDD7BCFDE6BADFEE3DC571408F85EF1AADEADA2BE1F3E0878EBDEBDF7F99EBDF79ABE8BDC1D0771108B072FF7000E627FC541EA1CC41EE220750E620F71903A07B18708CB3D807E80020E70FD22A9030E021C0E8040008841CB3DCA7E033D942D2C778703944130831B989C25DCC766EC669ED59D99990800B9801ED2747AE852C7E1E6E67073E764121452758D764EC59BA7BA374FE8E47466F0C8403862C48F190DEB4642E00833D56C4244650083080FD5FDE8A14B1D8366A8190A7796CE6D3BF5D33FEC5E7663FED156BD6BA6AC3CC21DEE443618D2CA013979BD3DF3047BE6298347AD1862859A213241F8A17A5F7C6852C7005673A72A90FC6C6CFA3D57545FBCBA73FBC4A816E080D28B126E44550923A6CC299925834D1F3A3AFB7BA7167FFAC4D691A34D7371672102F94370EF79A850C791E14A0EB82725258E111355FB13574EBDEBF2CE8D63EBA9D14424496444464E4E7077029C0846E4201187E66CEDD99346B7FFE959F185A76D186D98569438B02813319821CB3DD77D84870E752A98AB7245DA90B26BE90B3FDCF1B66FD8357796D4180E125C392F60E708A88424A163D5CC291B3AFFF5ACFCEC47AE2F2876D58929921CA4CE81817A6AEE2037734D12641674D52DDBDE7361F51F3F1B498163B3A108A455E612F6AB6F2D042BB4E3EC01B1EA1A7CECD9C775FEEC69C38F3F768461C9422421371081687E0038208FB3039B3AE6503354990B76097EC35D536FBB78FC73DF1B180F2B638325736632951EC516F07CC98D00C0998C1886A0ED34506EF9BD47F89BCE1E3A6ECD8829DA46315070000632263E20FD670732751C9A73622211D93A33F7DECB273F784567D3DC68D11805517637301B9CC9E7FFC002D6CB080E82110320A810412577A60E1DBAEDA5A7AF7CD913878F188E93C6A55141001B1301F1C0DB780E48EAB8C3CD41E62C98D0998F5F33F7AE0BF5676390C1B5EC45AEEFBF04D8FCE3A405F166D7F703202700CE802398A154AF4CDBD3C76F987DC353E2F31F3B32246EA9208E2E558010EA9F3C702CF9038A3AEE0E77738657122C237CF9C66D6FF9925E717BA072A821453649EC40580C511E100438D861F0407312B44AC1DB13671EE1AF7E7AF9EC135B91AC9BA3304BBDBFD18173721D38D471B5044DE6034C24FADD4D336FFBEAF405D7B766C34A6E126BE5561AB3C3EFDE6C1E3C08709003EC0E104C0067D14ED5C05DBF7DB2BDE2E9034FD8304C8A64CE242114CBBD4E4B37F503863ADDA4822A44BB71021FF8FAC447AEE2ED1892C6A093DB1272652120B074D842EECCAE96A9173E5E5EFED4F2E4A122E5160B091F20979EFD9D3A0E90390820F23BDBE31FFFF6F47B2E4DB74E8C8481151293E698292CC3159554CC0B64D7A2536D3F6265F7D54FC01F9EB1666DB3696604A6FDFFCEB37F52C75D0180543B09B1157CCEECB33F1EFFC7AF4E7C77EBA1529488E466B0608465326D7CDEB16324E46ADE9E7DDC86F65F9CC5E79ED2680AE51C8D19E4C22C90FDD1FEDA4FA983EC5D376389A0F6D76FB5B77D79F6A21B1B2595DA6A9967B3FE7A18444A2C963BB133FBACA3A75E7B6E7CF2D12DE850D7BA41A4E092FA69B40B9D54DF53C777FB3B030AA76C00CD04E61F6FADDE7EF9D64F5F5DCC566B622B3A53D608EB3F1B980C80A0F2186CC60731FE824756AF7F7AEBE1EB0692337B1010783F8BA1F63F75D461EE06B87B4C8EE00881B7CDCC9CFFADF10F5F655B665735CAD2E0D9C928C0FB8C34F70491113BBBE4F6F4BA81ED7F7C86BCE649ABD60FB6543DC12311014444FB431259FF53279B65035760787740C258377FE27BD31FFAC6E4F777ACA1D630333C9391008B72EB2D07C8410607230B4B56F8DCADC7AFF5579F35FC92C78C0C87D85637A041752247BFB3A70FA963B5DD541F3AA69E5D41DD206CE85CF093F47FBF3E73D5CD83688E165154B3527066D4B3A89389FB1A0E000436252612CA5D4577E649874FFEE5335A4F3F6980A173DA28384472F47710BE0FA9930177B043DC91CC4BEE18E9957774DEFDD5C9FFB8AE3157AC6E96219999C3288088086ECB3DEAC583E064C68C123E97AB125BCE3D096F7AEAE8E30E1F75AFCC8438701D21E9CB54B2FEA28E9A313BC1D5ACE3448401CE378DCFBDEB92A98F7E278CDB200D3489C8B5BC9B2B84FD983A6E2062A8150C259B9D5B5D6C7FC969FEE2B3573D62B8A919096066B804184B7F6D427D441D07BAAE02E2643970C9DD6D9DEE7B2F9FF9C09569D3CE15D26A418229B9EF8F96ECAF9E3C03CC663467DDF686A1EAF54F285EFAC4C6DAB26C9B9287027C903A0F84362CA847C814DB97AFB9FDFF5E463FD83C24712416959A266B82FA6BF996100427578215E2A9AA72B77BC6FAD9579FD978C6692B56B2B63D9614FBCA7A5C7EEAB89B221BE0264229B07EF31773FFFBC2D9AFDDB282683834CC8DD59C888D0CCE7D78EA2FD54A100010DC99156C9A2C54D3671DD379E3B3F8CCA30661CD8E5110250A01B4EC99ACCB4F1DB3DCB636B8D1625CB779F61FBE3EF5B11BA49D86B8310CC0FA684FDCB7700402454B9DC995D5D86F3D965E7ECEE8AFAD6D751D502B899D236139CFEE7D4F9D5DC6C2AEDC1A65A9364DD83B2FDFFA4FD7F0C4D88A467308D2ED6060D956A53F40E49289D995483B536B9AE3AF7AA2BCE249C3870C16950A398B8089B04C7EE87D4C1D734F0E66E2AE11592A429CAB3A1FF9CED43BBF996FDC16B8B522884A8E5D2BEC80BDD52C0E75321093C1A19DD913568CBDEAACE64B1F37381C1B296782104B222D49F6F116B4AFA9A3DE35532204E62EC2976E987EEB055357DF3A648303A1687A7673AAAFC2FB3AC9A6DFE1C4C624D649AE13A71FBDFD4D67AD3EF7F84196A2D2CC9E0A19DCC7E18B7D491D57A8A7B6081117DFDB34FB96AF8DFDFBF5ADCA574B4B389B9B1B79EDE5037C41050A0F25900364CCDEF03C97BCC8E3E79D3CF5FA678C9EB6B1E50AF3068BF03E741EEE7DEAB883C80153277266BE69E7D45BBFB1FD33DFC358775D6C4665561732270788ACDF82DEFD0632766D18324B65D3A3B2ED85A7CA6BCF1A3E61C52A5775F07C1A62C65E4E03DA8BD431377772B8A9071847D9D6EE7CE4CAEDEFB902B74E0CF1403308596E64379093839C98291FDC6C1E185487F7DCB81AC8A2269DCEE4A12B665EF5A4F027A737D60C0E6822636369930F308ABD479EBD489D84ACE6C1720832A7FED9EF8FBDF9D2991BB60E0519E650A892420E581FCDBE01413C134395BD3D76CABAA93F3FBB79DEA35B2D29BD520D60898CB8B77E7CEF51A7722FA8D336BBEC1773EFB874CB25D7AFCD61E56004597756A249093D489C070D72C0988C42D20ECACEC459C7E82B9FD578E631CD6092BD94BD9646BF64D4A96BA0606CA49553240FE23FDD3AF7B7176DF9D40F43F60DA1D174AFCF3081C2F9E03D7829707711A232C04269B66AD1E4F31F9DFEEC1C7EF8DAF5EE649A5CA2C0C8DD292C951DB664D43173F74EE56E8C16C75B26BAFFFFE5139FFCF6F4A6CE7A6EB640D18CFA3D15EB40800572CA9CBA131B46EF7AFEE38B3FFFB5E143471A951570620426302F8D21B224D47107995ACAB92CF374473F7ECDCCBB2EEDDCB06D485AA321484EAE0CD041EAEC7D90833CA851AC12338D4D3C6C55FB8F9F8A179FBE6A751CA8D40522526F3B0F76F37950D4713722CB66481CA274287DFEBAF1F77D7DF6DBB736AAA1550D93FA10230F99A1078DEEBD8F9EB2A1839001678EC93A32BBED31C7E7FFFC94D6734F1E152F542B0809B183E841D4833D28EA64B49342BC2CC2CC659B26DE7951F7ABDF6F76CA75D28A9E00352727804DB4BED91CDC75F632C8776D26CA4446EE2016B2B96EC1D3E79DB0F30F9FB1E6CC8D239CBB1D6843CA40E583F8AD3DA18E3B60A0B6CE0D4ABC69A7BEE3E24D1FFB9E4FE64363839CC5351AB2EF52F7B479A9C6FEA40EED1A562D9D339FCF796FE91402E0B45BF89676C571D13FA920F3B33162AA4B63D93552568AB9DD1E2AC65E7C5AF586A71E72F48A463BAB70085C2B522D7AFBD913EA38E0EE6466429FBE76EB5F7F69FA1793EBA539D4483971A8044BA907B00F408A5E9128C1C14EE4D8CD9F6FF3E9C10CC0591D046790D6CF06EEEE0EEFF368AD915B648277AA76E7C4D1E9FFEF39FC9C530E936EF60281F6440271F1D471AFDCC5A75D1A6FFBCA9DFFEBEB34DB382A92BB774DA23BB9F57B2AFFBDC0EE2063B67A2321FFE51A75AFE5DCD991B86B00ACD63AA15DFF579FD77FCDBF1E16D5498ACAE7A43DF3D7CFA8DE74CE7ACB9D060FB0ECF55DC7D4B5EB3AC0FA5FBFB4F92D179A0C1D99A97485137A7A47FD792ADD6B1D41E2086410CB6AEA813A95A302132CC00DA6F304223841026020053BC7401C988460302858B95647E97BF4023E009398DAE4C45FFE46F5B7CF1CD15C4ADCEBBB8E762D176CEFF8D6C49F7FCEC2E07A75DA1FB6EBBBC10406D4B3E70EAC0BE452F2DA96AD1BC4C6615FDBEC1EB272A85584523209C19129A514AA6EDC343EBBAD4D5B2671D764DC3E17E6AAE41094C3880D66AFAB1BFAFFADE981C0AC2294778E9FFFDBB3AF7DCA06B3B85877CFC2A963704F8628B8EAB6F173DF373DE98709B4A2BAA3425F5E6E087067C0C9D93512BA16BDAA90ABC1E6D8711BFCB187C753D7E793360C1FBDB2313218063808EAAA9CFA18927BE434420199CDED9D73B46987DD7AE7F4D59BF3557756376C2B26DB2B114A6A884876902ADF5D85D8976C2287B34774D57944B77FF5D52B4F3BBC689B96CCBC60C5CC0552C7DD9301A6C9C9CEFBE01D17FCFC486989E6D877C200F7981C84ACF08A0DB3E6DC9E58D3CCA71FD179DA89F1B1C78F1EBF36AE8811BB47071D75BF91FB5C11AAD500EFF18EA49DDDA91BB6EB776FCD575CE797DD8A9D9D48B119CA02D084008F7D1E6D11316DF3D38FBAE3F3AF5AC1B9F42297682E30DB70E1D4C9D91179F663D775FEE05F38966BCC3B6ACDFE7CAB6AB0185C2D5531CD9DBA6EF6ACC7C8734F1A7EF4FA42383844B503077113D41323C502364F07E030473625EA4475A2885856DEF9E1B6F657AE6B5FF083F6355B06CD86A42C41A4FDFC6AC141CA146C6ED3BFFE717CC1496B67ADDDE2E602CF900551C7E1D913DCC1E9DCF74D7CFDC6B5B11473D7FED114A25A87C49D88E0815D856DAE1D74EAA9C74EFDE119AD671C3FB872A084B329920B93399C25EC7930D0DC4046D93CB98B233424017A5747BEF1B3897FF976E7E29F0F5434C4AD50182A13A39ED3A8CFE042D0AAFD5BC74F7FEA4F86D48BE682853217481DEB7A6A10BEBF7DF619E74FEFF0231CB9E7DEE82FEA00A42569CAE47AD73987FB2BCF6A9D73C2502B783277E3204404C2124AC4195C9DA872090E336786302AF30B6EDCFEC14BECE21BA5E2D5B121AAC920DE7F42700477D2D5D87AE1EB071FB57610BED02C8D056BB13A40F19ADBBBDBE65A650BDDDA8DD10FEF503D4F06DC989C8C3B73DB4FDA30FE97E78CFCD6231B43A19173EAE6405244C944BBDF7C976A000C20900909131950A932E1B9278C9C735CF5B91FE6775E72CBF7EF180EADD511960CCED45717200705E21DD38DEB6EEE9CBA764417BC3C0BA44ECF5EB87E4B071854C742DA29EC0B104020F768E6C153D51EADB6BDE429F4FA730E3BA24573C61DA31050820003C25EB8D4F7AE49B5738208028848F6AAAD24D47CF1A3E3B38E1F78C7255BDFFFCD9BC7789D3486724E58CA6D6F695611E0EBB6B4813AF16A41A7F84297928814BE69676D92F4C36E030064E00C5138496A4F3C72D51D9F7ED5C8DB7FEBD0C38A22756340235041281DBC8FC7EC8010316927A7158DF8BF7F73FDA75E3E78EAAA5BF3D40E6110F79930873BA4B871AA00322FF8F2B740EA7070CFC8DBA70092FE717D315438B9A84FDFF18AC7EEFCCAAB0F39EBB821CDF058C4A2288884987B7BC13E7DD103C582CB926223308172D77FFDB8D59F7ACD312FF9B5499B1D27252107E972AF5F0F4E068E13D3A840440B7DB80BA40E511D2D37E07E1D1FCB014182B6F48EB7FD0EBFF7778F5ADB1CEC1AB990D43D83E7FB32CCE7B1EC3BEAD06E5730E22C525AD6439BFAA1176C38FFB9552BDDEED9A46FA863EE80236BEFD2BCB03FB5D003ABCE03A15D11E66586137220B3B61F6EB77CE2F71BAF7BD29AA4D9330504A3BE6A03C30043BA8550D0C23BF1354F5AFF913F8AAB8B5BB5E28272F0DDFDD7CB83BA6CB477982C78DB591075C8E01007996710F1F21B08CA21E76AEEF8C19BFEE9556BCF7DC45AEB5AE018230B733F7561604098225113547028A811CDC27927ADFFF41FAD3CB2758776678AA0842C6ECB19B32001C3486B21F30592B83F0CA54522106B478F1FDAFC913F597FF611AD6EAA48787FC87C260298D1D6EAD78F2AFFFDE5AB8E19D93157E522540EF8F21AAD8B5FBCFD873A6480B1298BE52A1FDFBAEDE37FB2F6F4439B29214A80042C4B2F883D98075070632AC9291B8A7F7ED9E831E5966E3B0776926534BBF664DDF617EA38E06092D0354D1B65F37B5FBCF6B11B1A555609CC44448CFE73D4DE1F8468389429C9E9870C7EE0652B36C6C9E414B85F6ECD0BC4FEB2DC447031752E877CDBBB5FD43CF3A85555C59123816C6948E3C0DD06E46E7FF97C407DD7C796E26424488C29F399470CFEC30B9A31DF6A95F7BDCAF63DB07F5087E0EC4AC23673C7DF9C83E73C7C55D22AC43A6C157991B33040815F3A1EDCE16698FFCBCDB2593653333533F35AD73B034BB33D301003E7AA73DE2347FFF63943C0783FAA23DF3FF68F7E82E4CE21A46AF2E567CCBDE1CC63BB5D8B25139C48F660ADBDF66410B23B6AFB512D046136E23650DC33C9EBEE10AFC25C99DC9CBA4064EA5525D2E2EB29DDDDDCB2259616C04FDC486B5B79F3DCFC2FEF0FE87FEA3840CC9EAACEA3D76CFBEFCFDA68CE2CC4BDD8C21EEC9A0E98B8B8556D8482354A864865739BC6F24D3BF2E649DB36E35BA76DB623302E1B79DD10D68DF0A16B8AA387E3A1C3B11114CE96529759591A70A9733D163E02B3AE9953B719CADB273A7F77D95D9FBECA67F408442CB728E822D0FFD42186C269346FFDFBE7ACDA38D0E8A8462E1E84679200CE66CC32C8D3D3C697DFDEB9E47ABDEAB6FC8B2DB8AB5D56B9E94A200355B07A07523015616E75CB8E3A249E7EB83DEBC4C6A30FF55119A820492158C458CCE16E8DD09DC9F6F66BB6BFEF2B733FDF312A8383E03ECD46BD3FF43F75BCA4DC9E9978E953F9A9C78D68F61048F7B05AC7EA1B2F1324E43BA6F4B3D756FFFAA3D91F6C2DAAF60844503015A96806267253F7122EE4CC60274E8A2D6DDF7C63BEE2BAEABD5F9B39E9A87CDEA3675FF2E875EB5B313B488DD9417C5FD999B5B89D1BCC0DC202C1576E68FFDD253357DCD22059DD186C716EB74363FF2A42EA77EA04D2B6E613D7775F73D66A64788861CF361BF7AE5B656930C85D33E963574E7FF8AACE0DE3A3886B28B80C10DCCC095A74EFAEA299BFEECCD75A111323A08CB3DEBAFA4EBDFA96BBFEF91B77FEF1E9C50B1FBF7ADD20DA59595A8D7B8FCECDBB15948C235C84AEDD32FBEEAF4EFCEB8F86DBB2510604EA1D67C8D0FEB5E5A0FFA96342684FFEE5D3C35183B193AA86C73D634E5617EB0C46FAEC8F66FEEE2B63DFDFB1468AA1D08AB5DDA486DEB569F7BBD3BDE22DBD8C778283C88B68391CF2B3697DE30533FF76EDB6FF766EF91B0F5FE55A29954C775F7D1C9E928A732C69C7747ACFA513FFF0ADB823AF91C122A293AC84F755C46D11E857EA10E010716D779F79743AEF5123B30A115E648E5FCF5563C621E88E19FCEF7FDFF1EEEF365338B6C55E2927A9CBE717FDE41C948C43368ACE0DFEEED8E8EF7E64F2158FDDF43F7EF39091564E99427040CC418A321633DAFDC0B5131FFCB2FD684B53578F30D8B32714BBFF3401600487D611F55E171587735D7637DF4A0B440AB043D90944CE0487BB7B2DBE0D37F63A6BD2F766ACBA5FA963CEEC6E3958FB9567370679A0632E248BEC4A636A299B974CD76F1F7BDDC7DB17DFB2360E0D14993A2CBB1EC69EC0E12E0E4039DB6014CBB13CFF3B9D1F6FDDFCFE178D1EB36AA0EA324B379069E04B6F9D79CB57B77EED67EBBD18892BC4CDCCE4977F5A5C19EA594C2AA8C00B9013771D144042DE450300B9136546244AA92E2F33003DD3CCC8C12A9CD8D939AACADE0B55F72975985078D5517DDA71E3E71C7F64AA2A29163D5407A95119E235B7757EF7633B6F1B3BA2B982AD5B256A3E783D0517E4F964207571D7303474C99D72EEBB273EF987FCA82382837F3A5EBDE5A2994F5F53CDE40DA13542E65DC7FD090D192868779DCC68240D89A482B35BA3A43CAB98B0154003F34DB0DD0929AC0F3B6391128400720748A01D8F3BAB952868C993B0EF853EA58E0302973CF3FBA70D35592A290BD86297428D8A80EFDF36F3871FDE764BF784D82ADAD88E38B034DE6083539DC6E400C14B4D18289A3F9B683CFFC3B7BCF7A5C337DC9CDE7A31DD3AD728CA758D829325A3E2FE12DAEBDCE99561F2B37F3ABC6E38667382039E95075BFE816FEEF8EB2FCF7173C80C0EB81151D77CE7F9BF875F3F6EE56C87B86ECBE6D42AFD9B3F9B78E1C7B6BBAD340B7B55D3A84FA9C3B059B5D3D7CD9D7BE2BAE4091C17A9BCE22959887EC3B6B9E77F74ECC6CE61A18C392968642FC45EE66FC4842AE7C680DDD4DDF8DCF7B5672BCD7124B6022557C0A8F007663EB149B9BEA51B5BC13D10052067F520BAAA88F021BA5BC78D00706A1C3AE0EBCAC20AD4E52FE6C484C3064B49EC917D2FDB6C7D4A9D82D0E98E9DF518196DC6A414591751D9EE9ECC09DDBB66D32B3EB5F996ED1BC34AD5D4756AEC6D59852CA57A6291291B40D3C54CB324712CE48EE620B3CAC85DD4859C89C4DC81A0C650F55D1DDFD9C848032A3010AD77D37773305172C9D104BD04A6BD479F3E0D7FB64DD616E939270D002A4C44019005B3C72BCF21D25BBF34FEAD9B0E1D181AC866BE6F66EA708F6A0CC095D4C568DEC8FF9511778713099C5C995C184C4E64A8B385693E5CEB04327622B3FA3F32111378BE3B3A9181E01022ECD5F4B77EA40E3350A5338E0AA76E10D3BCD8862BC9BD11D2177E30F38FDF2D8B666B86DBA42D40F6656FD9053C31078C7A92610E32504FFE66F7D7A3AECD35A2BAB132C141BB98480F10F02218C1897A9923F31A834BC9A4BE39B0EA323203488904293DE5C42818C9A622F5B5F657B3DC1C0E8F5CED6877FEEEAB13291C53C0CD06FB4F72CB492C2247A78AA2B31179561512E7AEF390791D8B974C54200728C02198B201142C30B10BDF2B03BD17E8772F3592B0B299388902609F75886A6108C4E44BA161DD37D4E92D2940A49E8606C61E776C0B20F0225E1756CD5E21E60F7FABFBDDF19116571D2AEF233367B9111D36972A4D1509D0EDE9D029B5CB49CEA33EAFA7315F9C2055364CCF6626550734C348C83B3B350DDF63691C20CB29B5A7A63114916DB72D8CB80904A3A5F3F3F417759C2080E574E421D5096B5766ED3A578E062DEC6035EE321A37CFD007BF33837048E5D1175C90B6CF408444F98C63763C7635A62D44A43A3B361906643AC635E6C6F36F4C00007AD83ABCF049134303E60E465698895337AD196C60B7DD980800AF196CFEC99327AD3921A9760011DC9DEDD25B1B378EAD6036E7A57131F70D751C009CC15054D5630E0F2B8BD8C95690D1C2BCE96E963496B1FAE2B5533F1F5F15061A59C4AD7F4A557B608276AADF39D5FFECF48D6A2ACCF301730546350B9BECCA602B992DDBD31FB6F6992759ED12DC6DC17A998BBBEE824480FBC30E197AFFEF0FEF7EBEAB4178FA35FF3679E3E68A5B8D5CE70F3C68F6F40D75E617C439C3D3691B50576DB30F2F305FDD4181693AA7CF7E6F16E10873F6ECE8BF5DC70164899981942B4770E25DA30C12EEF9448848D81C39D37CA53AF574530D44746FAB9F8849D450BBC1EAAF55837043751C0B2F285F00FA863A75731E27F558C4CE896B06010EB440D1857A813C867CED2D9DEF6E6F5064AF5FACFED3C7AC63175CA771888341CCBBF40AEFE3F3042671BE472AEDBC34DD7DBB8B84E1D8A554865E740B0433D4B1C1A538B0FAC9F42010CC13AD69E9516B1A982F685D20DC1DF0AF5C3F57759ADC0B11F42FE659A244B6AB20FE7E1E06D1BC478B5067DF7BAF8AFBFEA7B8FB276B3BC320A81BF22ED14DB96F769D7A4A625E551B4778CD400416BEE338E081A963F99A3B04610066FDF556DC1B34FF3883DFBBCFC0FD4FD2E625BE095477D825B98F35727757AFBB87F4FEC3FC4F2E69E673DF50A73EB405A0B47E841A121713F8757767C15DE376D3D65A49BB9F7903C0EB11B2333B08F50142F7971D5FDBEA64F392F1E40E57E0BE88835A7C45C8B8B7F5D49FE1256F79D837D4017AD94A6A2BCB3643DD65E12A41EE206ADFB8A37DD74C8BCA04DDC364C27D36D54C0C4815503F61070456C0DDE55EF471075C9D301B18808018E48013C11070CF17CCA18E2E07E9F1CD4150C220CC0458BC9AFF03A05FA8430039B392A1DCB86A048B4907F4DE4E1CB78CA7CA620C52F5710DAE39A8C1EFBB0C5FBC664B7226AEEA0570C3BAA2F3EEDF5FBF6EB86960A60068560B429FFBC18EBFBFB01D5AE2F3E23704E6EECC3B5FB0F294C3D699EF8A9C8309D7DD31F6864FEEB46208484EEA44EEC8A5DDBAB389880C83D092F47FE917EAF4B4949C403618058B0EB73810B6CF045366EC61E6FB3E9AA803917E3AB1EAA73B0854F79A3322770D6BE358CA80DB7C09B19B1BC09BA6F3B76F6DC8F04AD5DEED9F48BC3BB6A302EEED4DF6AD297FE3B6616A8C7A1DB3EB2D0553141637781D0C3B7002114EBB9A4A6983F362FF344881B0658AE0ECD677BE9C7B8154A870341CCE70011911543D460385DD3234EAFF31E680E6000F14AE4E44444A2620AEBB78DE33BD994A9630585199E1C13D5A7D0B77B893D5CD9996A86ABE5FA80386B333080A662CD23E22020336D9CEA0CA31B0DC93F915F05A5E4FEB773FC34120B829D46877AF8200A97707743675330388A91B73232BF17D594CE4EE1A48451D0EBB77EF37E7A532B3FACB12A935ED169B65B16B2E22FB93544A3DE65D02BE70212B4079F7782DD59D0CEFEE18C500D0D3557B00D795CF874E1F021511643D051D80322DF6C0AA9DA7DE683A183DE77C3F9F5A0E0E246606122565AA7B744160AC986F7B39EFB1202285246267282C4404063305BF2F214B230A0073247567CE01E46037757567EC92147DD0E81BEAD45D21E100E7746F9373815837547730A2C5D867CB0026F794924620291CB997ADD4ED64CAB1E7F3ED89FD38105272742B0FD934835049DB4DD0CD94EE490107089CB5DB05A40D034890E10E23AFDBBF19EE119E7830E817EAA06ED7AA0E707B4E005B7C0136AD1D62988398F6764AF7830181CC8F6BDD75C85069669590931128211D463B86F850508BE6E3074404E85143B3A71DBEADD924375372C2AC40A83DB99257DDEB9B01AC0ED5530E99A072B612561631801030FBB3B1A1BB3AEB8879DE2479B0E817EA38C841C191C9364FB681158B79163DAFEA212BA9909C95FA304D671784A0EDF4B2DF68FCE7278CA69420CD4C0C90BA32AF2D1CE64A546762385336D7673EF6B0B31FC7E2657D1093393BB52545649F77EA0060823B8E3E72D5BFBF696DD3A291D7A9396668C9F4CB3E39F5A1EFCE8581866A5812FDB07EA14E0D7287607B971719FAAC9774F6F8D5BE76246F9AA92814FDCB1D004C051CF069C3005511426090C2E0D434AFA447FDBACEA11478F02EACBE02B2128C6DC0C93060F76C156CE46CCD01241365235177981920C169899308FAC51E7172402BA9886CD3A44D698716B3AD12A9196D1C6C1EB1866099FB2FA9F41E501228C00D2E22314BA0009240D40870A140F3AF345111088198A8498129303345A28289998B5F3AD4055400CC1C4191889938100903D2D00A664BD8F0A05FA8531F3B4620E13B27C28E762F6B606170C0DDA4418DC71F16D1F67E37D1A90E97532023262666048630318889EE6E504760908098A96EB425F53F324420F7394B62088469D7270393F4649979291B4AF6D3123BC302C7B0BD1DEFD8A1584C8E80838C00F8B34E0CA36142AD578E04F4ADA5C5A8AD66D8AED2BCFBD92ADDE1F34537BD0FF624317F79817C97984BFD7DBB3E41B51CC6D24EA04FE02075805D2ACBBFD83C09209B2EECD0228764293A6AA71D9E8F3F9C51696397C0521F5247904040C7D45CC92CA925D564B932B33A67ADB7286EAA6ED92DAB59324BAA9A92767352ADD470AFA08B016AAE5A75734A49359B999A1A605D6678B184D558FD439D5D536264F9D11D094884CE425B5D380A802CB44278EE631C69A782822631C8A2FD8B7B1FE4220258112743206111A62008C14133EED5AEEE30EE049AE1301D42254CC22CE2215645C841D8E897457CCD4883841092C4AE0417161606BC4173C0A473FBEE957E70E81F0B6B3E8F983A88AD6BEEC8639DA951692852E8950CFF8A3F2D8E1C90B0EA0F1F33F7914BEFFC69A78C8129079BAFEFEF139803249FF95EFAC5E6AE764247763A7B744F8E519EFDAB734757365BF3DACE626E418A4BAEDFFECFDF4DCD56C3AC579DE504E8EC1BCF1C3D7EC3AA5D4917EE60A29BEE9A78EBA5E3262D36224C19DC8152D2E5B7B6503448D9D997E4C6D33FD4416D8B2A29E2E08FB7B57FBC3D3F791DA73C27A1450BB8F6BA7B2064EBAE1F8C7FF4F8F81717880CC5C4D928F6957FD01D5C846FDD3AF2CD9B15DD8048602283835789BDE62C59D9D4F974413353087E78273E7AC5888C0C6AB63A4F8398BD939FFF183B7E03ED2A8C318710DD31651FF856498D15AE758A29810996384A5116C8E2C1E695311F14FA8A3A0048D114C274A22B6EA99E7C58909417682E117120049081FEE0091B3E7DEDE6ABC7D71652E852D41C2D2D9C88CAC120668349C00421A2946905350B31E2AEFB402DBA4B44401A2C0206068AA1D2D48D9490C9C465B80C5A7FD9FC0A00F02248D91AD656842B5C04C1099C1BD02AC120C2BA24995EFD75D701009838006E5DFD13EDA023DC5860C5785DFB080AAEB4B6C5FFED378A32EF3026A2B4DC53BA37DC608E9C597359E5D8CDDCCDA48659F68430DF02DC00262240DACC807533BA99520AD9C833D492F12FBF159419A69527462E35C5AE5295A8E3E870A156A893D1D274A7EF3FEA006E40515C714B79ED9624B2E8FC126174139EFDF00DAFFAB56E9E9D102EFA332CE1F7FA1707E004DBAD3493ACCEEB719B7705D51F56AA930BEFE76BBD2710E7BFF4334B89BEA40E10A26FEF0E5CF4C30C785A6C470F220EE2DEFD9FCF3EEC29474DE7D92A7215A00BECFCFEA0404E5C09A7E01DE12432475E892F6CF00486994783A825D36CDA8525201A18F35F420476813B88EB8347AD524FEA492D01CE06788C09B005B7F1DC23F42375504B5715E517BF3F33D6ED96ECBE3895132A89D51A4365F1FE17AE386ECDF62AE740C4B6D7A313E2DD888E772B917154E35A5110F1A00B7AF7C9C055432AE59038980413D610010F52E1EEA45B270804CEED061C8050108840A44E5A7275EE922C4EEB750FD0A7D4517569D0F7760C7CE5866980F3E2559584D1353F6E55E3D3BF5F3E32DED5E95622F505622F9E5E414295F98472C7975E16DFFA0C3F328CE5F6245960A60554BF1B5C6F9FA6CD33B665B2DA3C516D99B42D1379A28DF13621E45D4EE74CA0C80CDC3E435BAA74CB74BE653ADF32AD374FFB966EDE34430468095B5414700F26BB17BFFB4181C1041EFCE877B63FEF51C644EEA9BE332EF08A474451C254474F3974E8132FA7E77D74D30D931B42D9743363750F4BA3D74400544C595C8BD81DA787ADD8F9E19715BF7668F3ACA3F8DC5366CFBFA8FDE11F68DB5AA11CA09C120208E4D9EBB48AF947EB00318DF98A67BF6FAA904E051810544055209DCE81CB817AD36427A824F3500CBFF6B31305B5CDCB9E2FDE2970D55592C668AEB8CEF2DE7B3B6DDF5287D44259F0D76E1CFCFCF53B9F7FD28A2A5314A245660E34CAD8563F79E3D0BFBD32BCFAE3377FF3960D6178346857CD1DD197264A4ACC162DA61DB38F3F66EEC32F5C75C21A9AC98D92E59895E5BB9F5FFDCE69337F77E1B64B7F3A9CCB568C304D01C88E7B9563BA51D707B7D208F27C69993B5C108948697EDFADD50341306E6CD38D80836DBE9C1848B52C8FC201DEBBE6419F1E58A875EA9D40231FB924757397D8D56D51013C0204540A772C9CB87AE4F32F3FE135BF3E4DEDDB93A1C114C9182AE654A79901C4F70A78DD57D509696DD9105C3C0768604B49BD33F6C6274CFEC72B878E5FCD733944964080BBAA9C79E4D07FBC7CE5FB5E589D30BC254D6F27176206FDB21420BB0771B080042CE0481C2175128EC7BB6755E70FE6584B4F920B211007A2404244A05CF444301E82D764D487BA8934E91B37DBA7AEED442E3A5E17592FF4BE42B5440FA111B36B7B45A16F3F6FFDC75FD2386D74D35C7B3A69454C089939330C3583C47A971272B0816A95D0BB7F91C8414A500110C8B49D3B738F5ABBED932FD1B7FE6E738463C739080A1801C22212931592CB3F7ADCD057FE6CE47F9D3DB58A6FEA74273C20F4BE7FF7C2065267537663733113735267DBDD529A6F496A8019B9B11BBB912B5CEBBE10D24BCE5EA27AABFB43DF1E58F54A02866EB1E1EDDFB8E3190F6B8DB6440D4C0A12425CCCB788309B935478DEC91B9E7CCCD0BF5C3EF59E2BA76EDA5922AEE1824594E1D9845C00782D3F517B67B9DE660816EBF3923867AA721579B63A66C3D81F9F31F48AD3368C34D0CD60E6C820D0EE9193C070A29CCBC3CBE2BFFD66E3DCC775DEF9959D9FBF6E6E5A46B9D922AB5C8343FAD2F7F480CBEA0B39020C199AD89F76FEA6CBEF38349492F7AAC760D7E000722B05EDA99D7F7EE6F4DF3F77A3768983802BA2E6E2BFCF01A8819428E2A6B9CE85D76EFED277F2955B46A6A8456E5E300A10077222335137C4DA496DE8B836CD1529C3DA2BA57DD261F6BC53CBE73DB2B161B8540FE4C4C4A0071267C90ED52A848A952FFEE9E4DF5E3279C5CD235A8E34249AE7C4A5D9F21C0222AE9DEA89876EFEDAEB8F683A3B2DA88B4B5FEF3A0EB850D7BB32B8E203574E9F7DD2C43927AC4E3915467BD4AF8ED053BC324B766C2C8E7DE2517F707AF5C34D335FBD7EFCEA9BFC9631BF6B7A60AE4B064729CA8CAE010EE9801168FA9056E7D823C3130EC3D34F1C38E5B0623878F67236E7423872BD0B3ED0B30FAA309AF1A6909D7DF2DAD38E5FF9912B779CFFED4D376F1FA4E6EA25ABCADC57E86BEAD43084C03685F57FF5855B1FF19A913503D6D5A27C705F4901D94D536A497CD2912B9F74E4A81A364F766FDB967E3E39BB7DCEEE9ACCED4445126962FD8A7468AB386C75E3E8D503EB86CA88E850D598ABEC31975C2C50A2CF442860085D434C4A2DB1D73D79ED79A7CE9E7FC9D60F5E85295B4941F623FEF43D758C80A0E6D22C7EB079C35F7F6EFB075EB4CA2DBB843D3E328903014C081C5027D03809E3B0D1E661A3CD276278F70FDF3BC0E830AF431D80042C465583098000035CFBA7D030CF6B079B6F7ECED1E79D3AF13B1F9ADEDC6E90EC374D87FBD7C2DA1DCEEE9E8AE6E887AF1DFE87CBC642942514B565EA35FB7587799DA0E96AAE666696D4BBEAC9DCDCCDE104E6A54A5A7522EE240DAE57DD516D9B9B6FC0BD9F60FFA00E9CDD42169762F0BF7FD13F73FD0EE1DC55B5A56BFB403DAD50301B49263622065164144C91A9EEE2B1249C7177775720651D2E1AFF7ADDC49BBE282E2BB03F31677FA10EE04E66C48459D9F8CA4F762EBD65A221369B17E7245C086A3909AE77A3DAE7B617AC49CF79B64211AAAB6EDAFE9F3E33E71892FECB2B7A602C963AB4EB6FCB822CCE65B5B373F8CB3E3AF1BDAD9DA1903BB94EE35D4202EDD29ADD4B7023CC80878BC96FDDD979C127BADBDB470C38FB92A4EEED432C923A2E20D072A64E05F5A211EDF699D117BC7FC7155BA71AB14AD9E71B292ED59A2C20917E4FE1204D7938CE5CBE39BFF20393B7B557944193F7BC91CB843D59BA3D5BA0657B3FDC0DEE5D8834077E31B1E1C5EFED7CF3F62A864ECE736A552F23AC5F4D14837780B99C8AC8DFB929BDE89FA6AFEF6C2CB8E8823B25D29E9B8C4B81C5FFF8C2DA2FECDE19C65D97F1D938C3D99D530EC580DDD25EFDFCF7CD7CF1275331345C73B6CACDBA7DD8180200A00A54B3AD903FF7939DBFF5E1D9DBA60F2F05D9C849DCE222D3D99616D68BF8010B97265A60E78EF92DAD2F4A29A96E1C9F7329856CF515CFFF67FD1FDFDC86401931A9EFE55C833D843B842C92BDE592C93FF8E8DC361B6D862E54A86E17D1937C5B2690F7F40CEB7F5E1816566C00809CE181090E5E6E13B24E3A70174F31B0A5B8FE6F3E57BCE4E377EE685B1141A9E39EE0065FDAEBF322D08B6DBBC23D39922622DBDE497FF4A9ED6FBA802B3A248446C5C1A82FC40FD908A83B86DAC219BC206F3201D9AD04AD1F62408321932C237F7A09360C05AB0D115C06577EFC87F4F33B6E79F37346CF3A69C09DBBE6441E8908C5BE1FA1018694C16A567215C52FFC45F55FBEB0F5DA3B067964A527AF5440A444CB2FE742888AA49D35C352C07D41A14F60E1D7647702C2D12B2A7852D9BB49AF8B8583CCBC2887AF9E38F2391FABFEE2DFB76E9DED9692C4CD76C906EFEB21410D417D90697C166FFCC2F8EFFCD3F4B577AD97951B3C53AF5755BF5CE7DD18F0EAB86115445BB096DEC2625804A20A9013360E0019D677912F2757B310739B57BEF5D299CFFF64EE8D4FF7173EBA39C4D12CABC124080CC404E3A534BCCD61EEA0F93BA682B23A3335B8EC78F75FBEBFFD5D174FFD60F3AA30345448952A38602CBB04C6FB0064C44075D2210560F3726ABF7A6C0BCBD78167AD82F0F53BDA4F7DFBD8563B9296FDBE73EF79288808465012D12AC7F6F49947775E767678E6092B87C4AACCEA81C40955418D8514B12F0CEA303737970474400DAE1A14BAAA17DF38F6FEAFCF7EF5E6B26AAE6F70C8EECAE4756EBAEF5597E36297CE19699D4F5EF8067EC4EAA6F900D3825A422D943AAAE4689BCC9CF7DEB90B6E5A2B6543EFD651ED03509D03CA00915B803A9BA619CED5538ED63F78427CF689C3A36574EF54EA4C2DA13A996F4F26306FBCD6FDA90C66664E0644807CAA9ABDE0E7F943DF9ABBFCC6227143CA1167424D995D3B4D5F34CFF63A7F99C96CAEFACD13B6FEDB2B56478D22C502EDF3051E3D4470332E64E00567F8D76FBC4B79035B01A77EF19EEFF6301C6C06A26E2CD9E2C8C537F3C5BF683FEE901DE79D1CCF7A043F724333F67A216673352F7645A916321503D481BAA8C59DD98999D8B2B56FD8D6BDE0279DCF7FAF7BED9651C3280FB488596BF9A47EEB2349365F5ECC4ECC36F18233CA0624F792E71756AEB4B05DC7DCDD4C28EB4C4CCF7FDFCD5FBD716D68AEB625EA22B917A054175D3B0944C82BCDE8769AADEA4947A4F38EA5D38E6B1DB53E0C8520884002D45D4CD91D99C9A936FD41A0CCBB2B65382345AE5DA40C84A9DCF9C55D9D4B7E31F58D9FE62B6F6B4D749A1C435324C522D7C5306EFDD882B4B749A320ADE6AAA71FBDE563AF5EBF3A1726B16E59B2A0EF58E081551F0766CE4C97DEB6F3B7FF716CAC3C4E5CB5DF16657E5A77F77771101CC119663978C72173C361E771ABBAA71C593E766338795D71C8685C35145A810B24A001143DFBFA1EA1504FD07635BB7D0E378DA55FECAC7EBC49BF7F5BF7E75BE278B74018A5D8108651DD1967FEB7E72B29967B45EE09CEE4813929D3BACE8D9F7CF5DA271C3EC4B922299816EACB5820757A3020272DB87AFB15D36FFC8CC5C1B555DF5D98EF073E5F99C410EA2A6009C85DA02BB13AA461870ED1EA515FDDE81C35B262A0090E5D66262256EA6699EA56DBC6E7B6CD35EE9C88774EF1D639240BB08820689412842A83998297A82C702F83353817343B373BF6CEDF8EAF7FE250AA62E0E09298CAA53DB0765B7FF56ECE45E9FFFD4BB7FFED4543DC5A475077AEBBBDED176064220A5046CA22C8948D5D0D9A7A3D3691A10A8A60862B9C41059CC0095C406264178008D9A0A2EE85A82BBB132F673CE18130FFEAB8C3A960105277F6CEBF3AC7FFE733D7670D8DC0EED98998E25EA14E3D860A49B27A2CFFCFD76E7BF3053437BCAE49D09CDC1A8A785F7A41FD8B5E271202D5EDA276DD9777F324CE4B426257D72547AF52AB57DCD717A1BD0704577011E766AE72597593B4A6E7FEEC39E92F9F36DAC86CA108BD192E62227B421DF50C4F5048113FF983F1BFB960EC673B57857265E1A9C364C4F0BEF3191E04288B6468A1B353C78FCCFC9FE7E2B98F5ADFCE3305B558780FAA93164F1DC0CD9DA070683786F0D3C9EEF9176DFAB7EFC958B5A151842C9235F6543697A87FCE412C1A0E30888C9CE0C45013B64E7B84275FFCD8B9D79DB3E1D815B16D1553214681F7240ABB47D4D9D58FDBB58B4CE082F8CA3B27DFF1B5897FBF615079B094985C1CB0FDE5127D2082DD18150B3928A57699D2334E9E7BFD339A4FD938E4DE48EE818D3D01C59EF9D6F7843ABBA127C7AF2987E0B3EC175D3FF9AE0BDB97DDDAD481752569F2E07509FDDD5BD041EC13B016DE8D4E9DAC96A74E3F62FA954F1BFEED87AD6C415495A464C2BC3AF3C2ABF7EF8107499D1A6E9654DB265A726B5BF6CF5E33F18E4BAA1BB70C506B45889551540D0088E1667DE71F3B204032DF59D8407009EC29697BFCE80DD59B1E8FDF7BFCDAA12056759539C6C6D2FCE25250A7EE899B1CEE26C9BD196CDB647ED795E3EFBDAABB63666DA368242663E9FDD63215E51FE06003119B8AC35972677C5D63F6558FF73F7ECAF0C656B414CD98A281BA42CD25A9FA5D1AEADC036ED98D28084D5D7757FBAD17773EF37DCCD18AD0687245953096354DEC408568263648CCED99619E79FEA3BBAF3C6BF09475AB247BA62E243022F51A112FCDCD612F500700E0404A95C86CE6812B6F9EFBBF176DBEF0A76B380E7151682DD775104B078689B45317B13B7DD689D59F9F35F0D4E31AA4D4D132066732A662C9EF9A7B8B3A009256734061DC0C3463DDCFFE60FAFC8BBADFDFB612B1258160AE0BCE653C88FB00F53A9DD73748EF8E3D76CDCC5F9D199FF9B8A1C0039526228A6CC1C5BDE0BD201ABD17A933EF8BB56C999D5868C75CFEC0D5E3EFFBC6DC6D936BA459042249B12B59597697F33C880706B98B1343853B9D907D528F199A7DD199E17567AC58D96C982981881D103861E94EA85F1EC65E7F62EEC960297BA010026E9C183FFFD2F647BE83D9341A070A98678F7E903A0B041BBB45378D92A7ABE162E74B1F13FEF353E3C655929CD5074A847D1381DD17D431CF6E4E6CE641B3074924F29D4D33EFBD70E767AF1B9E95160F0CB2992A79AFB1532F69E2206AD41DBD9C8C8C989D9153D71AD8F6DB27755EF1B415A76F1C61934A0D1C629D49B4E09C9B0735AA7D401D00665EC716D5CC1C04846019F8F20DE36FB968E6AA9B1B5AAEE182C9B319C30339ACFF638AFB045C2725C218D923F95C95B53AFDA8F67F3D3B3EF3612BA4275A17038CE71BBEEF156D8E5FC23EA2CE2FA37227EF44A676C73EF183B1B77E9D6EDC26181C2D4535874485EFB5437AFF42BD0C81CD9DF2ECCC496BB7BFF69CC60B1E39B0A22CBA1A0307215A6CD07B8906B64CD471EB9AE72E1A425A326F9A9AFEC7CBB77FE83BB27D7645688C12A5AC251E9A91539ACF05311099840A601B9F58B5B2FAA32784D79EBE62E370D9B114CC8503F1B2B9E6978D3AEAA6508265026714A828943FDBD17EE7C59B3FF2E3559DEE30370A72D5FACAE3843DD22CDD1F41DECBFF2176B069A73B48E3BF7B4AFB0D4F5B7BF2EA98CDB34AE0B24EA15EC6537DF9A803382CA0CEC1430671063394D365376F7FDB259D8B6E282B198A65546203538EB8A7B2F9810A86B32762C96D679D7AFA8933AF7B56E3CCC357161E2A33E12CBD4619CBFC2E2D1B75EE13D9DC532746EDA0F9859FEC78F3D7F30F6F0FB1392C5224CBEED1C00736790890E8AA7334593D6663F775CFB4E73E726DCBB5CA29C4C17DD10D6EE143ED2BEA989992999BAA37238DB7D387BE33F5816F4EFD7C7C15375732B13ABC5745DE4FABF82031AF48C60C37F86CFBA895636F38C35FF0A481D58DA29B31C7A1455E50A3AFEC86FEA20E00C0E00CD4463C33E79B2666FFFE5B539FBA82C7D36018186075D552F7FF9B4FEFF425134F02C944B9DB5E596E7FD1E3FC0D676E3C624570833971AFECCBFB414EE59EE3EF3BEADC03B3A6A5CF04C1D5B7EBDB2F1ABFE0C7ADE9D00A2DB234687D3DF05F0D02C895590BC85CB71AD01DBFF148FAB3A715A76D14B656F2B236BBFB16FD4E1D735735F51C6380E58BAF9F78F3459397DFB432B75672C19290C97A82547DA41D71FFE80D50D9894110CA6986B4FDEB87CFFEF9598DA79D3454BA555541A1086C8BED1BB7AFA7D2E7D4412DA26EE6EEEE162376A6FC856BE6DE7169FBBA6D45186A18155289121BD5A5DDFDCC1E0729E0919C3826534CEF3C79757EE559FA92C78DB66254252762847D13497890D80FA8B33B4C958889F5B6E9E90F7EBBFB814B67B64EAD6B0C0E44C75C80A26F2BE87A204A1C664959A7B06168FA558FB7DF7FF2E06143855B7070D1B3A0FAFC05989FCBFE451D401D6499184A013FDCDE7DF745777EE2C7C56C5A5F44536922A931FBB25762ECF208F786618095706349DDB9A64FFDC1A9FEDA73061FBEA6D9F5EC990A1122102D426862D9B1DF510700E06ED912500894272FBBD9DE79F1E405378C7818E46681D4ABD27492E57221D615BA440E585D12C522D69973DFF13BC7A6D79F3374EAD145230F5548CC5437152012EAFF4641BBCF71FFA40EE06E8C6C2699A5D089A4FF71DDD43F5E36F5DD5B4643632046578592188A65991EC3E160A4E81D97A2E39167B79F7658E7B567379FF7889128A5A903565F699CEA8EE4BC1FB5ECC0FE4A9DDDE030B76C1A25D2CCDCDC07AF1A7BC715E98EB1163557075237CF0B56FD584A900A52C373971B7966ECF891D9573C555EFC6B23AB1B45DBC8111A1CF6279ADCE714F777EA00EA9EDD59D5955D04B7ECC43F5D76C747AFD6BB3A87CB40C38896AEF5D142C1A264D0B999D191CD2F7A4CF1BA276D38768555B9A8F52A9DB8C0FE60443D200E00EA385073C3E18E2C24206E7FFFCEEA7F7D6DFC829FC4CA57348B52D914BD4A0CDB0B268C90BB3BDC99D40369373574DB6F3DDCFEEAEC158F3C74C83C2677616780A1E67513EDFD1B070075EE0D7564AF4ACE29D3376EDAF9B6AF5597DC34928BC12122379F2DC8512CB9FD25307247F4AC29CE8D3FE5487DFDB9C539C7AC2A50690E1C8ABE760CEF110E40EAC091DD9532BC5B7231ABFE6FD74EFCDD25ED5F6C1FA0B02A32B2B3D5E9BE0060D8334B7EB72E4A424EA4AAC1DBE30FDB30F75FCE2C9E776AAB119A957633A10484172A95B51FE140A40EDC3CB903C4A6CA300972E75CFE972BEE7AEFB7E8B6C935613010074BEC045032929E1F66E19AB404908B914845668CB2DD9DDED01AFBD3338A573C71784DAB99938388D8EA6A4BA63D9404E8671C98D4E935C69AFF976C1C60C4B87E47E7ED976EFBFC95CD310CC5A61B9AAE626CF335078BB8B932A5C21CC41D4D437CE7EF3E2AFEA7B3861EBE7A503D66F342EAAB4CAD6589FDC541BC281C90D4C13D739A1D3053324D1232B17CE7B6A9377F7DF2CB3F194C325A344B879BBA92DC3B8871B7109CD74D87986004B24C0261B739639F7DCEC3265FFBF4C1C71F3E18B3A9469405EFAE9EDA4B383FD0788303973AF78699C32BF2EC0E0EACC65FFAD1EC5B2FD979E5E6016FAE1312F3CAEFA163E754EBB9637E8588C0142C9B04AF9277674E3B74FA2F9E563CEBE4154DC42A1187242474209E4DF789870A756ACB99E00E244770E6E063DDCE47AF1C7FFFE5D50DE3ABA80C28023B4161751E96BB139CC401762B002174BD9B338E1DDAFE9A27375E7CFAE868C1953A2814302502891C881BCC7DE2A1429D7BC2015283A11D596E9DEABEE78AC9CF7C3BDD3C3584D04064A150223BE74CD1A97037AF32DAD130B17ECDDC4B1FC3AF3CA371F88AA1AC6E264508F36C79A890A637DB87247500C081CADB397B2145E4FCF3C9E9AFFC70F6AB37C80D3B69FB14E6B48039AC60D21677D60E85871F929E767C7EC623D61CB93266F7AC28998402FA3B216BEFE1A14B1D0006757383BB85821D9C3AE0EDB37AE7D8DCA649DA3EA5A2BC62851F368C634607D60C3708E4C89A04929DEBE68BFC90157A7948536777D4E10CBE7F63C81DE6E003BC98671138489D7BC06B25FCBAC572AF254DAFC872390B2DFB1207A973DF9857F507E6D523967B447D8783D439883DC4FE9E347210CB8683D439883DC441EA1CC41EE2FF012A206DBB0A8857FC0000002574455874646174653A63726561746500323032312D30362D31325431333A32383A33322B30333A3030E6B52AA80000002574455874646174653A6D6F6469667900323032312D30362D31325431333A32383A33322B30333A303097E892140000000049454E44AE426082);

-- ----------------------------
-- Table structure for faculty
-- ----------------------------
DROP TABLE IF EXISTS `faculty`;
CREATE TABLE `faculty`  (
  `id_faculty` int(255) NOT NULL AUTO_INCREMENT,
  `faculty` varchar(255) CHARACTER SET utf8mb4 COLLATE utf8mb4_unicode_ci NOT NULL,
  PRIMARY KEY (`id_faculty`) USING BTREE
) ENGINE = InnoDB AUTO_INCREMENT = 10 CHARACTER SET = utf8mb4 COLLATE = utf8mb4_unicode_ci ROW_FORMAT = Dynamic;

-- ----------------------------
-- Records of faculty
-- ----------------------------
INSERT INTO `faculty` VALUES (1, 'Компьютерных наук и технологий');
INSERT INTO `faculty` VALUES (2, 'Горный');
INSERT INTO `faculty` VALUES (3, 'Инженерно-экономический');
INSERT INTO `faculty` VALUES (4, 'Инженерной механики и машиностроения');
INSERT INTO `faculty` VALUES (5, 'Компьютерных информационных технологий и автоматики');
INSERT INTO `faculty` VALUES (6, 'Металлургии и теплоэнергетики');
INSERT INTO `faculty` VALUES (7, 'Недропользования и наук о Земле');
INSERT INTO `faculty` VALUES (8, 'Экологии и химической технологии');
INSERT INTO `faculty` VALUES (9, 'Электротехнический');

-- ----------------------------
-- Table structure for group
-- ----------------------------
DROP TABLE IF EXISTS `group`;
CREATE TABLE `group`  (
  `id_group` int(255) NOT NULL AUTO_INCREMENT,
  `group` varchar(255) CHARACTER SET utf8mb4 COLLATE utf8mb4_unicode_ci NOT NULL,
  `id_specialty` int(255) NOT NULL,
  PRIMARY KEY (`id_group`) USING BTREE,
  INDEX `id_specialty`(`id_specialty`) USING BTREE,
  CONSTRAINT `group_ibfk_1` FOREIGN KEY (`id_specialty`) REFERENCES `specialty` (`id_specialty`) ON DELETE CASCADE ON UPDATE CASCADE
) ENGINE = InnoDB AUTO_INCREMENT = 2 CHARACTER SET = utf8mb4 COLLATE = utf8mb4_unicode_ci ROW_FORMAT = Dynamic;

-- ----------------------------
-- Records of group
-- ----------------------------
INSERT INTO `group` VALUES (1, 'ПИ-17Б', 1);

-- ----------------------------
-- Table structure for lecture
-- ----------------------------
DROP TABLE IF EXISTS `lecture`;
CREATE TABLE `lecture`  (
  `id_lecture` int(255) NOT NULL AUTO_INCREMENT,
  `title` varchar(255) CHARACTER SET utf8mb4 COLLATE utf8mb4_unicode_ci NOT NULL,
  `lecture` longtext CHARACTER SET utf8mb4 COLLATE utf8mb4_unicode_ci NOT NULL,
  `id_course` int(255) NOT NULL,
  `date` datetime(0) NOT NULL,
  PRIMARY KEY (`id_lecture`) USING BTREE,
  INDEX `id_course`(`id_course`) USING BTREE,
  CONSTRAINT `lecture_ibfk_1` FOREIGN KEY (`id_course`) REFERENCES `course` (`id_course`) ON DELETE CASCADE ON UPDATE CASCADE
) ENGINE = InnoDB AUTO_INCREMENT = 32 CHARACTER SET = utf8mb4 COLLATE = utf8mb4_unicode_ci ROW_FORMAT = Dynamic;

-- ----------------------------
-- Records of lecture
-- ----------------------------
INSERT INTO `lecture` VALUES (1, 'Введение в курс Java', 'Текст1', 1, '2021-06-12 15:06:32');
INSERT INTO `lecture` VALUES (2, 'Какую среду разработки выбрать', 'Текст2', 1, '2021-06-12 15:07:00');
INSERT INTO `lecture` VALUES (3, 'Первая программа Hello World', 'Текст3', 1, '2021-06-12 15:07:32');
INSERT INTO `lecture` VALUES (4, 'Переменные в Java', 'Текст4', 1, '2021-06-12 16:40:09');
INSERT INTO `lecture` VALUES (5, 'Условный оператор', 'Текст5', 1, '2021-06-12 16:40:37');
INSERT INTO `lecture` VALUES (6, 'Циклы', 'Текст6', 1, '2021-06-12 16:41:08');
INSERT INTO `lecture` VALUES (7, 'Массивы', 'Текст7', 1, '2021-06-12 16:41:24');
INSERT INTO `lecture` VALUES (8, 'Введение в ООП', 'Текст8', 1, '2021-06-12 16:42:04');
INSERT INTO `lecture` VALUES (9, 'Введение в методы', 'Текст9', 1, '2021-06-12 16:42:25');
INSERT INTO `lecture` VALUES (10, 'Параметризированные методы', 'Текст10', 1, '2021-06-12 16:42:40');
INSERT INTO `lecture` VALUES (11, 'Конструкторы', 'Текст11', 1, '2021-06-12 16:42:55');
INSERT INTO `lecture` VALUES (12, 'Перегрузка методов и конструкторов', 'Текст12', 1, '2021-06-12 16:44:09');
INSERT INTO `lecture` VALUES (13, 'Объекты в качестве параметров и возврат объектов', 'Текст13', 1, '2021-06-12 16:44:25');
INSERT INTO `lecture` VALUES (14, 'Модификаторы доступа', 'Текст14', 1, '2021-06-12 16:44:40');
INSERT INTO `lecture` VALUES (15, 'Ключевое слово import, оболочки типов и продвинутая работа со строками', 'Текст15', 1, '2021-06-12 16:44:56');
INSERT INTO `lecture` VALUES (16, 'Что такое C# и зачем он нужен?', 'Текст1', 4, '2021-06-12 16:51:21');
INSERT INTO `lecture` VALUES (17, 'Установка среды разработки MonoDevelop', 'Текст2', 4, '2021-06-12 16:51:38');
INSERT INTO `lecture` VALUES (18, 'Пишем первую программу на C#', 'Текст3', 4, '2021-06-12 16:51:52');
INSERT INTO `lecture` VALUES (19, 'Переменные и типы данных в языке C#', 'Текст4', 4, '2021-06-12 16:52:04');
INSERT INTO `lecture` VALUES (20, 'Арифметические операции', 'Текст5', 4, '2021-06-12 16:52:23');
INSERT INTO `lecture` VALUES (21, 'Условные операторы if-else', 'Текст6', 4, '2021-06-12 16:52:36');
INSERT INTO `lecture` VALUES (22, 'Оператор Switch case', 'Текст7', 4, '2021-06-12 16:52:52');
INSERT INTO `lecture` VALUES (23, 'Циклы, а также операторы Break и Continue', 'Текст8', 4, '2021-06-12 16:53:11');
INSERT INTO `lecture` VALUES (24, 'Работа с массивами (3 типа массивов)', 'Текст9', 4, '2021-06-12 16:53:28');
INSERT INTO `lecture` VALUES (25, 'Цикл foreach для работы с массивами', 'Текст10', 4, '2021-06-12 16:53:42');
INSERT INTO `lecture` VALUES (26, 'Работа с функциями (методами)', 'Текст11', 4, '2021-06-12 16:53:55');
INSERT INTO `lecture` VALUES (27, 'Работа со строками (string)', 'Текст12', 4, '2021-06-12 16:54:27');
INSERT INTO `lecture` VALUES (28, 'Оператор исключений (Конструкция try-catch)', 'Текст13', 4, '2021-06-12 16:54:42');
INSERT INTO `lecture` VALUES (29, 'Создание классов (Основы ООП)', 'Текст14', 4, '2021-06-12 16:54:56');
INSERT INTO `lecture` VALUES (30, 'Конструкторы, а также модификатор static', 'Текст15', 4, '2021-06-12 16:55:15');
INSERT INTO `lecture` VALUES (31, 'Удобный указатель this в классах', 'Текст16', 4, '2021-06-12 16:55:32');

-- ----------------------------
-- Table structure for message
-- ----------------------------
DROP TABLE IF EXISTS `message`;
CREATE TABLE `message`  (
  `id_message` int(255) NOT NULL AUTO_INCREMENT,
  `from` int(255) NOT NULL,
  `to` int(255) NOT NULL,
  `message` text CHARACTER SET utf8mb4 COLLATE utf8mb4_unicode_ci NOT NULL,
  `date` datetime(0) NOT NULL,
  `showed` tinyint(255) NOT NULL DEFAULT 0,
  `subject` varchar(255) CHARACTER SET utf8mb4 COLLATE utf8mb4_unicode_ci NOT NULL,
  PRIMARY KEY (`id_message`) USING BTREE,
  INDEX `from`(`from`) USING BTREE,
  INDEX `to`(`to`) USING BTREE,
  CONSTRAINT `message_ibfk_1` FOREIGN KEY (`from`) REFERENCES `person` (`id_person`) ON DELETE CASCADE ON UPDATE CASCADE,
  CONSTRAINT `message_ibfk_2` FOREIGN KEY (`to`) REFERENCES `person` (`id_person`) ON DELETE CASCADE ON UPDATE CASCADE
) ENGINE = InnoDB AUTO_INCREMENT = 4 CHARACTER SET = utf8mb4 COLLATE = utf8mb4_unicode_ci ROW_FORMAT = Dynamic;

-- ----------------------------
-- Records of message
-- ----------------------------
INSERT INTO `message` VALUES (1, 2, 1, 'Привет, сделал ПЗ по курсовому проекту?', '2021-06-07 22:56:11', 0, 'Важно');
INSERT INTO `message` VALUES (2, 3, 1, 'Где лабы, которые ты должен был скинуть?', '2021-06-07 22:56:33', 0, 'Лабораторные');
INSERT INTO `message` VALUES (3, 4, 1, 'Проверка', '2021-06-07 23:18:04', 1, 'Проверили');

-- ----------------------------
-- Table structure for person
-- ----------------------------
DROP TABLE IF EXISTS `person`;
CREATE TABLE `person`  (
  `id_person` int(255) NOT NULL AUTO_INCREMENT,
  `surname` varchar(255) CHARACTER SET utf8mb4 COLLATE utf8mb4_unicode_ci NULL DEFAULT NULL,
  `name` varchar(255) CHARACTER SET utf8mb4 COLLATE utf8mb4_unicode_ci NULL DEFAULT NULL,
  `patronymic` varchar(255) CHARACTER SET utf8mb4 COLLATE utf8mb4_unicode_ci NULL DEFAULT NULL,
  `phone` varchar(13) CHARACTER SET utf8mb4 COLLATE utf8mb4_unicode_ci NULL DEFAULT NULL,
  `gender` varchar(255) CHARACTER SET utf8mb4 COLLATE utf8mb4_unicode_ci NULL DEFAULT NULL,
  `id_faculty` int(255) NULL DEFAULT NULL,
  `id_specialty` int(255) NULL DEFAULT NULL,
  `id_group` int(255) NULL DEFAULT NULL,
  `prepod` tinyint(1) NULL DEFAULT 0,
  `email` varchar(255) CHARACTER SET utf8mb4 COLLATE utf8mb4_unicode_ci NOT NULL,
  `password` varchar(255) CHARACTER SET utf8mb4 COLLATE utf8mb4_unicode_ci NOT NULL,
  `day` int(255) NULL DEFAULT NULL,
  `month` varchar(255) CHARACTER SET utf8mb4 COLLATE utf8mb4_unicode_ci NULL DEFAULT NULL,
  `year` int(255) NULL DEFAULT NULL,
  PRIMARY KEY (`id_person`) USING BTREE,
  INDEX `id_faculty`(`id_faculty`) USING BTREE,
  INDEX `id_specialty`(`id_specialty`) USING BTREE,
  INDEX `id_group`(`id_group`) USING BTREE,
  CONSTRAINT `person_ibfk_1` FOREIGN KEY (`id_faculty`) REFERENCES `faculty` (`id_faculty`) ON DELETE CASCADE ON UPDATE CASCADE,
  CONSTRAINT `person_ibfk_2` FOREIGN KEY (`id_specialty`) REFERENCES `specialty` (`id_specialty`) ON DELETE CASCADE ON UPDATE CASCADE,
  CONSTRAINT `person_ibfk_3` FOREIGN KEY (`id_group`) REFERENCES `group` (`id_group`) ON DELETE CASCADE ON UPDATE CASCADE
) ENGINE = InnoDB AUTO_INCREMENT = 6 CHARACTER SET = utf8mb4 COLLATE = utf8mb4_unicode_ci ROW_FORMAT = Dynamic;

-- ----------------------------
-- Records of person
-- ----------------------------
INSERT INTO `person` VALUES (1, 'Бондаренко', 'Вадим', 'Викторович', '+380713348782', 'Мужской', 1, 2, 1, 0, 'vad.bondarencko2018@yandex.ru', '1f32aa4c9a1d2ea010adcf2348166a04', 23, 'Май', 2000);
INSERT INTO `person` VALUES (2, 'Генадьев', NULL, NULL, NULL, NULL, 2, 3, NULL, 0, 'vadimbond.2000@gmail.com', '1f32aa4c9a1d2ea010adcf2348166a04', NULL, NULL, NULL);
INSERT INTO `person` VALUES (3, NULL, NULL, NULL, NULL, NULL, NULL, NULL, NULL, 1, 'vadim@gmail.com', '1f32aa4c9a1d2ea010adcf2348166a04', NULL, NULL, NULL);
INSERT INTO `person` VALUES (4, 'Карпенко', 'Андрей', NULL, NULL, NULL, NULL, NULL, NULL, 0, 'vadim2@gmail.com', '1f32aa4c9a1d2ea010adcf2348166a04', NULL, NULL, NULL);
INSERT INTO `person` VALUES (5, NULL, NULL, NULL, NULL, NULL, NULL, NULL, NULL, 0, 'bondarencko@yandex.ru', '1f32aa4c9a1d2ea010adcf2348166a04', NULL, NULL, NULL);

-- ----------------------------
-- Table structure for progress
-- ----------------------------
DROP TABLE IF EXISTS `progress`;
CREATE TABLE `progress`  (
  `id_progress` int(255) NOT NULL AUTO_INCREMENT,
  `id_person` int(255) NOT NULL,
  `id_lecture` int(255) NOT NULL,
  `score` int(255) NOT NULL,
  PRIMARY KEY (`id_progress`) USING BTREE,
  INDEX `id_person`(`id_person`) USING BTREE,
  INDEX `id_lecture`(`id_lecture`) USING BTREE,
  CONSTRAINT `progress_ibfk_1` FOREIGN KEY (`id_person`) REFERENCES `person` (`id_person`) ON DELETE CASCADE ON UPDATE CASCADE,
  CONSTRAINT `progress_ibfk_2` FOREIGN KEY (`id_lecture`) REFERENCES `lecture` (`id_lecture`) ON DELETE CASCADE ON UPDATE CASCADE
) ENGINE = InnoDB AUTO_INCREMENT = 1 CHARACTER SET = utf8mb4 COLLATE = utf8mb4_unicode_ci ROW_FORMAT = Dynamic;

-- ----------------------------
-- Table structure for specialty
-- ----------------------------
DROP TABLE IF EXISTS `specialty`;
CREATE TABLE `specialty`  (
  `id_specialty` int(255) NOT NULL AUTO_INCREMENT,
  `specialty` varchar(255) CHARACTER SET utf8mb4 COLLATE utf8mb4_unicode_ci NOT NULL,
  `id_faculty` int(255) NOT NULL,
  PRIMARY KEY (`id_specialty`) USING BTREE,
  INDEX `id_faculty`(`id_faculty`) USING BTREE,
  CONSTRAINT `specialty_ibfk_1` FOREIGN KEY (`id_faculty`) REFERENCES `faculty` (`id_faculty`) ON DELETE CASCADE ON UPDATE CASCADE
) ENGINE = InnoDB AUTO_INCREMENT = 5 CHARACTER SET = utf8mb4 COLLATE = utf8mb4_unicode_ci ROW_FORMAT = Dynamic;

-- ----------------------------
-- Records of specialty
-- ----------------------------
INSERT INTO `specialty` VALUES (1, 'Программная инженерия', 1);
INSERT INTO `specialty` VALUES (2, 'Искусственный интеллект и системный анализ', 1);
INSERT INTO `specialty` VALUES (3, 'Обогощение полезных ископаемых', 2);
INSERT INTO `specialty` VALUES (4, 'Строительство зданий, подземных сооружений и геомеханики', 2);

-- ----------------------------
-- Table structure for test
-- ----------------------------
DROP TABLE IF EXISTS `test`;
CREATE TABLE `test`  (
  `id_test` int(255) NOT NULL AUTO_INCREMENT,
  `id_lecture` int(255) NOT NULL,
  `text` varchar(255) CHARACTER SET utf8mb4 COLLATE utf8mb4_unicode_ci NOT NULL,
  `variant_1` varchar(255) CHARACTER SET utf8mb4 COLLATE utf8mb4_unicode_ci NULL DEFAULT NULL,
  `variant_2` varchar(255) CHARACTER SET utf8mb4 COLLATE utf8mb4_unicode_ci NULL DEFAULT NULL,
  `variant_3` varchar(255) CHARACTER SET utf8mb4 COLLATE utf8mb4_unicode_ci NULL DEFAULT NULL,
  `variant_4` varchar(255) CHARACTER SET utf8mb4 COLLATE utf8mb4_unicode_ci NULL DEFAULT NULL,
  `correct` int(255) NOT NULL,
  PRIMARY KEY (`id_test`) USING BTREE,
  INDEX `id_lecture`(`id_lecture`) USING BTREE,
  CONSTRAINT `test_ibfk_1` FOREIGN KEY (`id_lecture`) REFERENCES `lecture` (`id_lecture`) ON DELETE CASCADE ON UPDATE CASCADE
) ENGINE = InnoDB AUTO_INCREMENT = 1 CHARACTER SET = utf8mb4 COLLATE = utf8mb4_unicode_ci ROW_FORMAT = Dynamic;

SET FOREIGN_KEY_CHECKS = 1;
